Date,AAPL,AMD,MSFT,AMZN,GOOGL,JPM,META,TSLA,V,JNJ,PG,NVDA,MA,HD,UNH,VZ,NFLX,DIS,PYPL,ADBE,AVG,Cumulative_Sum,SPY,Returns
10/2/2022,$0.02,$0.05,$0.03,$0.01,$0.02,$0.00,$0.02,$0.03,$0.02,$0.01,$0.02,$0.03,$0.02,$0.03,$0.02,$0.01,$0.02,-$0.03,$0.03,$0.05,$0.02,$1.02,449.32,0.992157596
11/2/2022,$0.02,$0.11,$0.02,$0.04,$0.03,$0.01,-$0.04,$0.05,$0.00,$0.01,-$0.01,$0.08,$0.01,$0.01,$0.02,-$0.01,$0.04,$0.02,-$0.03,$0.04,$0.02,$1.04,440.46,0.983613156
14/2/2022,-$0.00,-$0.01,$0.00,-$0.01,-$0.01,$0.01,-$0.01,-$0.02,-$0.00,$0.01,$0.00,-$0.01,-$0.01,-$0.00,$0.01,$0.00,-$0.01,-$0.01,-$0.01,$0.00,$0.00,$1.04,439.02,0.982215286
15/2/2022,-$0.02,-$0.06,-$0.02,-$0.01,-$0.01,-$0.01,$0.02,-$0.05,-$0.01,-$0.01,$0.00,-$0.09,-$0.02,-$0.00,-$0.01,-$0.00,-$0.03,-$0.03,$0.01,$0.01,-$0.02,$1.02,446.1,0.9890634
16/2/2022,$0.00,$0.03,$0.00,-$0.01,-$0.01,-$0.00,$0.02,-$0.00,-$0.00,$0.00,-$0.01,-$0.00,-$0.00,$0.01,-$0.00,-$0.00,$0.02,-$0.01,$0.04,-$0.00,$0.00,$1.03,446.6,0.989544692
17/2/2022,$0.02,$0.05,$0.03,$0.02,$0.04,$0.02,$0.04,$0.05,$0.02,$0.01,-$0.01,$0.08,$0.02,$0.01,$0.02,-$0.00,$0.03,$0.02,$0.05,-$0.04,$0.02,$1.05,437.06,0.980308455
18/2/2022,$0.01,-$0.01,-$0.01,$0.01,$0.02,-$0.00,-$0.01,$0.02,$0.01,$0.02,-$0.00,$0.04,$0.01,$0.00,$0.01,-$0.00,-$0.01,$0.01,-$0.01,-$0.03,$0.00,$1.05,434.23,0.977546671
22/2/2022,$0.02,-$0.02,-$0.00,$0.02,$0.00,$0.00,$0.02,$0.04,$0.01,-$0.01,$0.01,$0.01,$0.00,$0.09,$0.01,-$0.00,$0.04,$0.02,$0.00,-$0.01,$0.01,$1.06,429.57,0.972976719
23/2/2022,$0.03,$0.05,-$0.03,$0.04,$0.02,$0.02,$0.02,-$0.07,$0.02,$0.00,$0.01,$0.04,$0.02,-$0.02,$0.01,$0.01,$0.03,$0.02,$0.02,-$0.02,$0.01,$1.08,421.95,0.965443134
24/2/2022,$0.02,-$0.06,$0.05,-$0.04,$0.04,$0.03,-$0.05,$0.05,-$0.01,-$0.02,-$0.03,-$0.06,-$0.02,$0.02,$0.01,$0.02,-$0.06,-$0.02,-$0.04,$0.08,-$0.01,$1.07,428.3,0.971726402
25/2/2022,-$0.01,-$0.04,-$0.01,-$0.02,-$0.01,$0.02,-$0.01,$0.01,-$0.01,$0.05,$0.04,-$0.02,$0.00,$0.01,-$0.04,-$0.03,-$0.00,-$0.00,-$0.05,-$0.00,-$0.01,$1.06,437.75,0.980980288
28/2/2022,-$0.00,-$0.02,-$0.01,$0.00,-$0.00,$0.04,-$0.00,-$0.07,$0.01,$0.01,$0.02,-$0.01,$0.02,-$0.00,-$0.00,$0.01,-$0.01,$0.01,-$0.01,-$0.00,$0.00,$1.06,436.63,0.979889473
1/3/2022,$0.01,$0.08,$0.01,$0.02,$0.01,-$0.04,$0.04,$0.01,$0.03,$0.00,$0.02,$0.04,$0.05,$0.01,-$0.00,$0.00,$0.02,$0.02,$0.05,$0.00,$0.02,$1.08,429.98,0.973379918
2/3/2022,-$0.02,-$0.04,-$0.02,-$0.01,-$0.00,$0.02,-$0.02,-$0.02,$0.00,-$0.01,$0.00,-$0.03,-$0.00,-$0.02,-$0.02,-$0.01,$0.02,-$0.01,-$0.00,-$0.01,-$0.01,$1.07,437.89,0.981116529
3/3/2022,$0.00,$0.05,$0.01,$0.03,$0.01,-$0.01,$0.03,$0.05,$0.01,-$0.01,$0.00,$0.02,-$0.01,$0.01,-$0.00,-$0.01,$0.03,$0.01,$0.05,$0.03,$0.01,$1.09,435.71,0.978992262
4/3/2022,$0.02,$0.03,$0.02,$0.02,$0.02,-$0.03,$0.01,$0.00,$0.03,-$0.01,-$0.01,$0.03,-$0.03,$0.00,-$0.02,-$0.01,$0.02,$0.03,$0.01,$0.02,$0.01,$1.09,432.17,0.975529916
7/3/2022,$0.02,$0.05,$0.04,$0.06,$0.04,-$0.04,$0.07,$0.04,-$0.05,-$0.02,$0.01,$0.07,-$0.06,$0.00,$0.02,$0.01,$0.03,$0.05,$0.07,$0.03,$0.02,$1.12,419.43,0.962934797
8/3/2022,-$0.01,$0.02,-$0.01,-$0.01,$0.01,-$0.01,-$0.01,-$0.02,$0.01,$0.02,-$0.04,$0.01,$0.00,$0.02,$0.03,$0.03,-$0.02,-$0.01,-$0.01,$0.01,$0.00,$1.12,416.25,0.959757317
9/3/2022,$0.03,-$0.05,$0.04,$0.02,$0.05,$0.04,-$0.04,-$0.04,$0.04,-$0.00,$0.01,$0.07,$0.04,-$0.00,-$0.03,$0.00,$0.05,$0.01,-$0.05,$0.04,$0.01,$1.13,427.41,0.970848945
10/3/2022,$0.03,$0.04,$0.01,$0.05,$0.01,-$0.01,$0.02,$0.02,-$0.01,-$0.00,-$0.03,$0.02,-$0.01,-$0.00,-$0.01,-$0.00,$0.01,-$0.00,$0.02,$0.03,$0.01,$1.14,425.48,0.968942588
11/3/2022,-$0.02,$0.02,$0.02,$0.01,$0.02,-$0.02,$0.04,$0.05,-$0.01,$0.00,-$0.01,$0.02,$0.00,$0.00,$0.02,$0.00,$0.05,-$0.01,$0.02,$0.05,$0.01,$1.15,420.07,0.963572641
14/3/2022,-$0.03,-$0.02,-$0.01,$0.03,$0.03,$0.01,$0.01,$0.04,$0.02,-$0.01,$0.01,$0.04,-$0.01,-$0.00,-$0.01,$0.01,-$0.03,-$0.02,-$0.00,-$0.01,$0.00,$1.15,417,0.960507957
15/3/2022,$0.03,$0.07,$0.04,-$0.04,$0.03,-$0.02,-$0.03,$0.05,-$0.03,-$0.03,$0.04,$0.07,-$0.02,-$0.03,-$0.02,$0.00,$0.04,$0.04,-$0.04,$0.02,$0.01,$1.16,426.17,0.969624696
16/3/2022,$0.03,-$0.05,-$0.02,-$0.04,-$0.03,-$0.04,-$0.06,-$0.05,-$0.03,$0.01,$0.00,-$0.06,-$0.03,-$0.01,-$0.00,$0.01,$0.04,-$0.03,-$0.07,-$0.05,-$0.02,$1.14,435.62,0.978904434
17/3/2022,-$0.01,$0.03,-$0.00,-$0.03,-$0.00,-$0.01,-$0.02,-$0.04,-$0.01,-$0.01,-$0.00,-$0.01,-$0.01,-$0.02,-$0.02,$0.00,-$0.04,-$0.01,-$0.04,-$0.00,-$0.01,$1.12,441.07,0.98420453
18/3/2022,-$0.02,-$0.02,-$0.02,-$0.03,-$0.02,$0.00,-$0.04,-$0.04,-$0.03,$0.01,$0.00,-$0.07,-$0.01,-$0.01,$0.00,-$0.03,-$0.02,-$0.01,-$0.06,-$0.02,-$0.02,$1.10,444.52,0.987540508
21/3/2022,-$0.01,-$0.02,$0.00,-$0.00,$0.00,$0.00,$0.02,-$0.02,$0.01,-$0.01,-$0.00,-$0.01,$0.01,$0.03,-$0.00,$0.01,$0.02,$0.01,$0.04,-$0.00,$0.00,$1.11,444.39,0.987415071
22/3/2022,-$0.02,$0.01,-$0.02,-$0.02,-$0.03,-$0.02,-$0.02,-$0.08,-$0.01,$0.00,-$0.01,$0.01,-$0.01,-$0.00,$0.00,-$0.00,-$0.02,-$0.01,-$0.03,-$0.03,-$0.01,$1.09,449.59,0.992416476
23/3/2022,-$0.01,$0.01,$0.02,$0.01,$0.01,$0.02,$0.01,-$0.01,$0.02,$0.00,$0.01,$0.03,$0.02,$0.04,$0.00,-$0.00,$0.02,$0.02,$0.03,$0.10,$0.02,$1.11,443.8,0.986845517
24/3/2022,-$0.02,-$0.06,-$0.02,-$0.00,-$0.02,-$0.01,-$0.03,-$0.01,-$0.01,-$0.01,-$0.00,-$0.09,-$0.02,$0.00,-$0.02,$0.00,-$0.00,-$0.01,-$0.01,-$0.02,-$0.02,$1.09,450.49,0.993278776
25/3/2022,-$0.00,$0.01,$0.00,-$0.01,-$0.00,-$0.01,-$0.01,$0.00,-$0.01,-$0.01,-$0.01,$0.02,$0.00,$0.02,$0.00,$0.01,$0.01,-$0.00,$0.02,$0.00,$0.00,$1.09,452.69,0.995382527
28/3/2022,-$0.01,-$0.00,-$0.02,-$0.03,$0.00,$0.01,-$0.01,-$0.08,-$0.01,-$0.01,-$0.01,-$0.02,-$0.00,-$0.01,-$0.00,$0.00,-$0.01,$0.00,-$0.02,-$0.04,-$0.01,$1.08,455.91,0.998451251
29/3/2022,-$0.02,-$0.02,-$0.02,-$0.00,-$0.01,-$0.00,-$0.03,-$0.01,-$0.03,$0.00,-$0.01,-$0.02,-$0.05,-$0.01,$0.00,-$0.00,-$0.03,-$0.03,-$0.04,-$0.04,-$0.02,$1.06,461.55,1.003796877
30/3/2022,$0.01,$0.03,$0.00,$0.02,$0.00,$0.00,$0.01,$0.01,$0.02,-$0.01,$0.01,$0.03,$0.01,$0.03,-$0.02,-$0.01,$0.03,$0.01,$0.02,$0.01,$0.01,$1.07,458.7,1.001100277
31/3/2022,$0.02,$0.09,$0.02,$0.02,$0.02,$0.03,$0.02,$0.02,$0.01,$0.01,$0.01,$0.01,$0.01,$0.03,$0.02,$0.01,$0.02,$0.03,$0.02,$0.01,$0.02,$1.09,451.64,0.994379187
1/4/2022,$0.00,$0.01,-$0.00,-$0.00,-$0.01,$0.01,-$0.01,-$0.01,-$0.02,-$0.01,-$0.01,$0.02,-$0.02,$0.01,-$0.01,-$0.02,$0.00,$0.00,-$0.01,-$0.01,$0.00,$1.09,452.92,0.99560213
4/4/2022,-$0.02,-$0.02,-$0.02,-$0.03,-$0.02,-$0.00,-$0.04,-$0.05,-$0.01,$0.01,$0.01,-$0.02,-$0.01,$0.01,$0.01,-$0.01,-$0.05,-$0.01,-$0.04,-$0.02,-$0.02,$1.07,456.8,0.999297274
5/4/2022,$0.02,$0.03,$0.01,$0.03,$0.02,$0.02,$0.01,$0.05,$0.01,-$0.01,-$0.00,$0.05,$0.01,$0.00,-$0.02,-$0.01,$0.03,$0.02,$0.04,$0.02,$0.02,$1.09,451.03,0.993795689
6/4/2022,$0.02,$0.03,$0.04,$0.03,$0.03,$0.01,$0.04,$0.04,$0.03,-$0.03,-$0.01,$0.06,$0.03,$0.02,-$0.03,-$0.01,$0.03,$0.02,$0.04,$0.03,$0.02,$1.11,446.52,0.989467705
7/4/2022,-$0.00,-$0.00,-$0.01,$0.01,$0.00,$0.00,$0.00,-$0.01,$0.01,$0.00,-$0.01,$0.01,$0.01,$0.01,-$0.01,$0.01,$0.02,$0.01,-$0.00,-$0.02,$0.00,$1.11,448.77,0.991629974
8/4/2022,$0.01,$0.03,$0.01,$0.02,$0.02,-$0.02,$0.00,$0.03,-$0.00,-$0.00,-$0.01,$0.05,-$0.01,-$0.03,-$0.02,-$0.02,$0.02, $-   ,$0.02,$0.02,$0.01,$1.12,447.57,0.990477529
11/4/2022,$0.03,-$0.04,$0.04,$0.02,$0.03,$0.00,$0.03,$0.05,$0.01,$0.01,$0.00,$0.05,$0.01,$0.01,$0.02,-$0.01,$0.02,$0.01,$0.01,$0.02,$0.02,$1.14,439.92,0.983089258
12/4/2022,-$0.01,-$0.02,$0.01,$0.00,$0.01,$0.01,$0.01,-$0.01,$0.02,-$0.00,$0.00,$0.02,$0.00,$0.00,$0.01,$0.00,$0.01,-$0.00,$0.01,$0.02,$0.00,$1.14,438.29,0.981505653
13/4/2022,-$0.02,$0.03,-$0.02,-$0.03,-$0.02,$0.03,-$0.00,-$0.04,-$0.01,-$0.00,-$0.00,-$0.03,-$0.03,-$0.01,-$0.01,-$0.01,-$0.02,-$0.01,$0.03,-$0.01,-$0.01,$1.13,443.31,0.986372171
14/4/2022,$0.03,-$0.05,$0.03,$0.03,$0.02,-$0.01,$0.02,$0.04,$0.00,$0.00,$0.01,$0.04,-$0.01,$0.02,$0.00,$0.01,$0.03,$0.01,$0.03,$0.03,$0.01,$1.15,437.79,0.981019217
18/4/2022,$0.00,$0.01,-$0.00,-$0.01,$0.01,$0.02,-$0.00,-$0.02,-$0.00,$0.01,$0.01,-$0.02,$0.00,$0.01,$0.00,$0.01,$0.01,$0.02,$0.02,-$0.01,$0.00,$1.15,437.97,0.98119437
19/4/2022,-$0.01,$0.03,-$0.02,-$0.03,-$0.02,-$0.02,-$0.03,-$0.02,-$0.01,-$0.03,-$0.01,-$0.02,-$0.02,-$0.03,-$0.01,-$0.01,$0.03,$0.03,-$0.03,-$0.03,-$0.01,$1.14,445.04,0.98804205
20/4/2022,$0.00,$0.03,-$0.00,$0.03,$0.02,-$0.00,$0.08,$0.05,-$0.01,-$0.00,-$0.03,$0.03,-$0.00,-$0.02,-$0.02,-$0.01,$0.43,$0.06,$0.09,$0.02,$0.04,$1.17,444.71,0.987723802
21/4/2022,$0.00,$0.05,$0.02,$0.04,$0.03,$0.01,$0.06,-$0.03,$0.01,$0.00,$0.01,$0.06,$0.00,$0.02,$0.02,-$0.01,-$0.04,-$0.02,-$0.06,$0.03,$0.01,$1.18,438.06,0.981281931
22/4/2022,$0.03,-$0.02,$0.02,$0.03,-$0.04,$0.03,-$0.02,$0.00,$0.04,$0.01,$0.01,-$0.03,$0.04,$0.03,$0.03,$0.06,-$0.01,-$0.03,-$0.04,$0.02,$0.01,$1.19,426.04,0.969496231
25/4/2022,-$0.01,$0.03,$0.02,$0.01,$0.03,-$0.00,$0.02,$0.01,$0.01,-$0.02,-$0.01,$0.02,-$0.01,-$0.02,-$0.01,$0.03,-$0.03,$0.01,$0.02,$0.01,$0.01,$1.20,428.51,0.971933292
26/4/2022,$0.04,$0.06,$0.04,-$0.05,-$0.04,-$0.03,-$0.03,$0.13,$0.04,$0.01,$0.02,-$0.06,$0.03,$0.02,$0.02,-$0.02,-$0.06,-$0.04,-$0.05,-$0.04,$0.00,$1.20,416.1,0.959607097
27/4/2022,-$0.00,-$0.00,$0.05,-$0.01,-$0.04,-$0.01,-$0.03,$0.01,$0.06,$0.01,$0.00,-$0.02,-$0.05,-$0.01,-$0.00,-$0.02,-$0.05,-$0.00,-$0.01,-$0.00,-$0.01,$1.19,417.27,0.960778
28/4/2022,$0.04,$0.05,-$0.02,$0.05,$0.04,$0.02,$0.16,-$0.00,-$0.03,-$0.01,-$0.03,$0.07,-$0.05,-$0.03,-$0.02,-$0.00,$0.06,$0.00,$0.11,$0.03,$0.02,$1.21,427.81,0.971243436
29/4/2022,$0.04,$0.05,$0.04,$0.15,-$0.04,-$0.03,$0.03,-$0.01,$0.03,$0.02,$0.02,$0.06,$0.04,$0.04,$0.03,-$0.04,-$0.05,-$0.03,$0.05,$0.04,$0.02,$1.23,412,0.955489168
2/5/2022,$0.00,-$0.05,-$0.02,$0.00,$0.02,$0.01,-$0.05,$0.04,$0.01,$0.01,$0.01,-$0.05,$0.01,-$0.02,$0.01,-$0.00,$0.05,$0.02,-$0.04,$0.03,$0.00,$1.23,414.48,0.957982768
3/5/2022,$0.01,-$0.01,$0.01,-$0.00,$0.01,$0.02,-$0.00,-$0.01,$0.01,$0.00,$0.01,-$0.00,$0.00,$0.01,-$0.00,$0.02,-$0.00,$0.00,$0.01,-$0.00,$0.00,$1.24,416.38,0.959887483
4/5/2022,-$0.04,-$0.09,-$0.03,$0.01,-$0.04,-$0.03,-$0.05,-$0.05,-$0.03,-$0.01,-$0.01,-$0.04,-$0.03,-$0.03,$0.02,$0.03,-$0.02,$0.02,-$0.02,-$0.04,-$0.02,$1.21,429.06,0.972474875
5/5/2022,$0.06,$0.06,$0.04,-$0.08,$0.05,$0.03,$0.07,$0.09,$0.04,$0.02,$0.02,$0.08,$0.04,$0.05,$0.03,$0.01,$0.08,$0.03,$0.08,$0.06,$0.04,$1.26,413.81,0.957309928
6/5/2022,$0.00,-$0.02,$0.01,-$0.01,$0.01,$0.00,$0.02,-$0.01,-$0.01,$0.00,-$0.01,$0.01,$0.02,$0.02,$0.01,-$0.01,$0.04,$0.02,$0.04,$0.02,$0.01,$1.26,411.34,0.954824119
9/5/2022,$0.03,$0.10,$0.04,-$0.05,$0.03,$0.02,$0.04,-$0.10,-$0.05,-$0.01,$0.00,$0.10,$0.06,$0.01,$0.03,-$0.01,$0.04,-$0.03,$0.03,-$0.04,$0.01,$1.28,398.17,0.941425058
10/5/2022,$0.02,-$0.03,$0.02,$0.00,-$0.02,$0.02,-$0.01,$0.02,$0.00,$0.00,$0.01,$0.04,-$0.01,$0.02,$0.00,$0.01,-$0.03,$0.01,$0.01,$0.04,$0.01,$1.28,399.09,0.942369131
11/5/2022,$0.05,$0.01,$0.03,-$0.03,$0.01,-$0.01,$0.05,-$0.09,$0.02,$0.01,$0.01,$0.06,$0.00,-$0.03,-$0.00,$0.01,$0.07,-$0.02,$0.05,$0.04,$0.01,$1.29,392.75,0.935838019
12/5/2022,-$0.03,$0.01,-$0.02,$0.01,$0.01,-$0.00,-$0.01,-$0.01,-$0.01,-$0.01,-$0.00,-$0.03,-$0.01,$0.02,-$0.02,-$0.00,-$0.05,-$0.01,-$0.01,$0.02,-$0.01,$1.29,392.34,0.935413614
13/5/2022,$0.03,-$0.09,$0.02,$0.06,-$0.03,$0.01,-$0.04,$0.06,$0.03,$0.01,$0.01,$0.09,$0.04,$0.02,$0.01,-$0.00,-$0.07,$0.03,$0.06,-$0.04,$0.01,$1.30,401.72,0.945061179
16/5/2022,-$0.01,$0.01,$0.00,$0.02,$0.01,$0.01,-$0.01,-$0.06,$0.01,-$0.01,-$0.01,$0.03,$0.01,$0.00,-$0.01,-$0.02,$0.01,$0.02,$0.02,$0.01,$0.00,$1.30,400.09,0.943393903
17/5/2022,$0.03,-$0.08,$0.02,-$0.04,-$0.02,-$0.03,-$0.01,$0.05,-$0.03,-$0.00,$0.00,-$0.05,-$0.03,-$0.02,-$0.01,$0.00,-$0.02,-$0.03,-$0.03,-$0.02,-$0.02,$1.28,408.32,0.951773288
18/5/2022,$0.06,$0.06,$0.05,$0.07,$0.04,$0.02,$0.05,$0.07,$0.02,$0.02,$0.06,$0.07,$0.01,$0.05,$0.04,$0.00,$0.07,$0.04,$0.03,$0.03,$0.04,$1.32,391.86,0.93491643
19/5/2022,-$0.03,-$0.00,-$0.00,-$0.00,$0.01,$0.01,$0.01,-$0.00,$0.01,-$0.01,-$0.02,-$0.01,$0.01,$0.01,$0.02,-$0.00,-$0.03,$0.01,-$0.05,$0.01,$0.00,$1.32,389.46,0.932425328
20/5/2022,$0.00,$0.03,-$0.00,-$0.00,$0.01,$0.01,-$0.01,-$0.07,-$0.01,$0.02,$0.00,$0.03,-$0.01,-$0.00,-$0.01,-$0.01,-$0.02,$0.01,$0.01,-$0.01,$0.00,$1.32,389.63,0.932602066
23/5/2022,$0.04,-$0.02,$0.03,$0.00,$0.02,-$0.06,-$0.01,$0.02,-$0.04,-$0.01,$0.02,-$0.01,-$0.04,$0.00,-$0.01,-$0.00,-$0.01,-$0.03,-$0.01,-$0.02,-$0.01,$1.31,396.92,0.94014037
24/5/2022,$0.02,$0.04,$0.00,$0.03,$0.05,-$0.01,$0.08,-$0.07,$0.02,-$0.01,$0.02,$0.05,$0.02,-$0.01,-$0.01,-$0.02,$0.04,$0.04,$0.03,$0.02,$0.02,$1.33,393.89,0.937016758
25/5/2022,-$0.00,-$0.02,-$0.01,-$0.03,-$0.00,-$0.01,-$0.01,$0.05,-$0.01,$0.01,$0.02,-$0.05,-$0.01,-$0.02,-$0.00,-$0.01,-$0.04,-$0.02,-$0.02,-$0.01,-$0.01,$1.32,397.37,0.940603121
26/5/2022,-$0.02,-$0.06,-$0.01,-$0.04,$0.02,-$0.02,-$0.04,-$0.07,-$0.02,$0.00,-$0.01,-$0.05,-$0.01,-$0.03,-$0.01,$0.00,-$0.02,-$0.02,-$0.00,-$0.02,-$0.02,$1.30,405.31,0.948719832
27/5/2022,-$0.04,-$0.03,-$0.03,-$0.04,-$0.04,-$0.01,-$0.02,-$0.07,-$0.02,-$0.01,-$0.02,-$0.05,-$0.02,-$0.02,-$0.01,-$0.01,-$0.02,-$0.03,-$0.06,-$0.05,-$0.03,$1.27,415.26,0.9587653
31/5/2022,$0.01,$0.00,$0.01,-$0.04,-$0.01,-$0.01,$0.01,$0.00,$0.00,$0.01,$0.01,$0.01,-$0.00,$0.02,$0.02,$0.00,-$0.01,-$0.01, $-   ,$0.03,$0.00,$1.27,412.93,0.956425261
1/6/2022,$0.00,$0.01,-$0.00,-$0.01,-$0.00,$0.02,$0.03,$0.02,$0.01,$0.01,$0.02,$0.02,$0.00,$0.02,$0.01,-$0.00,$0.02,$0.01,$0.03,-$0.00,$0.01,$1.28,409.59,0.953057804
2/6/2022,-$0.02,-$0.07,-$0.01,-$0.03,-$0.03,-$0.02,-$0.05,-$0.05,-$0.02,$0.00,-$0.01,-$0.07,-$0.02,-$0.03,$0.00,$0.00,-$0.06,-$0.02,-$0.07,-$0.05,-$0.03,$1.25,417.39,0.960897988
3/6/2022,$0.04,$0.02,$0.02,$0.03,$0.03,$0.01,$0.04,$0.10,$0.01,$0.00,$0.01,$0.05,$0.01,$0.00,$0.01,$0.01,$0.03,$0.02,$0.02,$0.03,$0.02,$1.27,410.54,0.954017189
6/6/2022,-$0.01,$0.01,$0.00,-$0.02,-$0.02,$0.00,-$0.02,-$0.02,-$0.00,$0.00,$0.00,-$0.00,-$0.01,$0.00,-$0.01,-$0.01,$0.01,$0.01,-$0.00,$0.00,$0.00,$1.27,411.79,0.955277627
7/6/2022,-$0.02,$0.00,-$0.01,$0.01,-$0.00,-$0.00,-$0.01,-$0.00,-$0.01,-$0.01,-$0.01,-$0.01,-$0.01,$0.01,-$0.01,-$0.01,-$0.01,$0.00,-$0.02,-$0.01,-$0.01,$1.26,415.74,0.959246445
8/6/2022,$0.01,$0.03,$0.01,$0.01,-$0.00,$0.02,-$0.01,-$0.01,$0.00,$0.01,$0.01,$0.01,$0.00,$0.01,$0.01,$0.00,-$0.02,$0.00,$0.01,$0.01,$0.01,$1.27,411.22,0.954703136
9/6/2022,$0.04,$0.03,$0.02,$0.04,$0.02,$0.02,$0.07,$0.01,$0.04,$0.02,$0.02,$0.03,$0.04,-$0.01,$0.01,$0.01,$0.05,$0.04,$0.04,$0.01,$0.03,$1.30,401.44,0.944775048
10/6/2022,$0.04,$0.04,$0.05,$0.06,$0.03,$0.05,$0.05,$0.03,$0.03,-$0.01,$0.00,$0.06,$0.04,$0.04,$0.01,$0.00,$0.05,$0.04,$0.06,$0.08,$0.04,$1.33,389.8,0.932778761
13/6/2022,$0.04,$0.09,$0.04,$0.06,$0.04,$0.03,-$0.07,$0.07,$0.04,-$0.01,$0.03,$0.08,$0.05,$0.02,$0.03,$0.02,$0.08,-$0.04,$0.07,$0.06,$0.04,$1.37,375,0.917229285
14/6/2022,$0.01, $-   ,$0.01,$0.01,$0.00,-$0.02,-$0.00,-$0.02,$0.01,-$0.02,-$0.03,$0.01,$0.01,-$0.02,-$0.02,$0.01,-$0.01,-$0.02,-$0.02,-$0.00,-$0.01,$1.37,373.87,0.916027906
15/6/2022,$0.02,-$0.03,$0.03,$0.05,$0.03,$0.01,$0.03,-$0.05,-$0.01,$0.01,-$0.01,$0.04,-$0.01,$0.00,$0.01,$0.00,$0.07,$0.02,$0.05,$0.02,$0.01,$1.38,379.2,0.921676726
16/6/2022,$0.04,$0.08,$0.03,$0.04,$0.03,$0.02,-$0.05,$0.09,$0.04,$0.00,$0.01,$0.06,$0.05,-$0.02,-$0.02,$0.01,$0.04,-$0.02,$0.06,$0.03,$0.03,$1.41,366.65,0.908302888
17/6/2022,$0.01,-$0.01,$0.01,-$0.02,$0.01,-$0.00,$0.02,$0.02,$0.01,-$0.00,-$0.01,$0.02,$0.01,-$0.01,-$0.01,-$0.00,-$0.01,$0.00,$0.02,-$0.01,$0.00,$1.41,365.86,0.907452426
21/6/2022,$0.03,$0.03,-$0.02,-$0.02,-$0.04,$0.02,-$0.04,-$0.09,$0.02,$0.02,$0.03,-$0.04,$0.02,-$0.01,$0.06,-$0.03,$0.03,-$0.01,$0.01,$0.01,$0.00,$1.41,375.07,0.917303639
22/6/2022,$0.00,-$0.00,$0.00,-$0.00,$0.00,$0.01,-$0.01,$0.00,$0.00,-$0.02,-$0.02,$0.01,$0.00,-$0.00,-$0.02,-$0.00,-$0.05,$0.00,-$0.01,$0.01,$0.00,$1.40,374.39,0.916581008
23/6/2022,-$0.02,$0.02,-$0.02,-$0.03,-$0.01,$0.01,$0.02,$0.00,-$0.01,-$0.02,-$0.03,$0.01,-$0.00,$0.02,-$0.02,-$0.03,-$0.02,$0.01,-$0.01,-$0.03,-$0.01,$1.39,378.06,0.920472331
24/6/2022,-$0.02,$0.05,-$0.03,-$0.04,-$0.05,-$0.03,$0.07,-$0.04,-$0.04,-$0.01,-$0.01,-$0.05,-$0.04,-$0.03,$0.01,$0.02,-$0.05,-$0.04,-$0.05,-$0.03,-$0.02,$1.37,390.08,0.933069692
27/6/2022, $-   ,$0.01,$0.01,$0.03,$0.02,$0.01,$0.00,$0.00,$0.01,$0.00,$0.01,$0.02,$0.01,$0.00,-$0.02, $-   ,$0.01,$0.01,$0.02,$0.02,$0.01,$1.38,388.59,0.931520159
28/6/2022,$0.03,$0.06,$0.03,$0.05,$0.03,$0.00,$0.05,$0.05,$0.03,$0.03,$0.02,$0.05,$0.03,$0.05,-$0.01,$0.01,$0.05,$0.01,$0.06,$0.04,$0.03,$1.41,380.65,0.923205677
29/6/2022,-$0.01,$0.04,-$0.01,-$0.01,$0.00,$0.00,-$0.02,$0.02,-$0.01,-$0.00,-$0.01,$0.03,-$0.01,-$0.01,-$0.01,-$0.01,$0.01,$0.00,$0.00,-$0.01,$0.00,$1.41,380.34,0.922879075
30/6/2022,$0.02,-$0.02,$0.01,$0.03,$0.02,$0.02,$0.02,$0.02,$0.01,-$0.00,-$0.01,$0.03,$0.02,-$0.00,$0.00,$0.00,$0.02,$0.01,$0.02,$0.01,$0.01,$1.42,377.25,0.919615327
1/7/2022,-$0.02,-$0.04,-$0.01,-$0.03,$0.00,-$0.01,$0.01,-$0.01,-$0.01,-$0.01,-$0.02,-$0.04,-$0.01,-$0.02,-$0.01,-$0.02,-$0.03,-$0.02,-$0.02,-$0.01,-$0.02,$1.41,381.24,0.923826859
5/7/2022,-$0.02,$0.02,-$0.01,-$0.04,-$0.04,$0.01,-$0.05,-$0.03,-$0.01,$0.01,$0.01,$0.03,-$0.00,-$0.02,$0.02,$0.00,-$0.03,-$0.01,-$0.04,-$0.02,-$0.01,$1.40,381.96,0.924584175
6/7/2022,-$0.01,-$0.00,-$0.01,-$0.01,-$0.01,$0.01,-$0.01,$0.01,-$0.00,-$0.00,-$0.01,-$0.01,-$0.00,$0.00,-$0.02,-$0.00,$0.01,$0.01,$0.02,-$0.02,$0.00,$1.40,383.25,0.925939016
7/7/2022,-$0.02,-$0.05,-$0.01,-$0.02,-$0.04,-$0.03,-$0.01,-$0.05,-$0.01,-$0.00,$0.00,-$0.05,-$0.01,-$0.01,$0.00,$0.02,-$0.03,-$0.01,-$0.02,-$0.02,-$0.02,$1.38,388.99,0.931936471
8/7/2022,-$0.00,-$0.00,$0.00,$0.01,-$0.00,$0.00,$0.01,-$0.03,-$0.00,$0.00,$0.01,$0.00,$0.00,$0.00,-$0.01,$0.00,$0.01,$0.02,$0.02,$0.00,$0.00,$1.38,388.67,0.931603441
11/7/2022,$0.01,$0.03,$0.01,$0.03,$0.03,$0.01,$0.05,$0.07,-$0.01,-$0.00,-$0.01,$0.04,-$0.00,$0.00,$0.00,-$0.00,$0.05,$0.02,$0.04,$0.01,$0.02,$1.40,384.23,0.926966551
12/7/2022,-$0.01,$0.01,$0.04,$0.02,$0.01,-$0.00,-$0.00,$0.01,$0.00,$0.01,$0.01,$0.00,$0.00,$0.00,$0.00,-$0.01,$0.02,$0.00,-$0.01,$0.02,$0.01,$1.41,380.83,0.923395248
13/7/2022,$0.00,-$0.02,$0.00,-$0.01,$0.02,$0.01,-$0.00,-$0.02,$0.00,$0.00,-$0.01,-$0.01,-$0.00,-$0.01,$0.03,$0.01,-$0.01,$0.01,$0.00,$0.01,$0.00,$1.41,378.83,0.921286051
14/7/2022,-$0.02,-$0.01,-$0.01,-$0.00,$0.01,$0.04,$0.03,-$0.01,-$0.01,-$0.00,$0.00,-$0.01,-$0.01,-$0.01,-$0.00,$0.00,$0.01,$0.01,$0.03,-$0.00,$0.00,$1.41,377.91,0.920313705
15/7/2022,-$0.01,-$0.03,-$0.01,-$0.03,-$0.01,-$0.04,-$0.04,-$0.01,-$0.02,-$0.01,$0.00,-$0.03,-$0.02,-$0.01,-$0.05,-$0.01,-$0.08,-$0.04,-$0.06,-$0.02,-$0.03,$1.38,385.13,0.927908901
18/7/2022,$0.02,-$0.00,$0.01,-$0.00,$0.02,$0.01,-$0.02,-$0.00,$0.01,$0.02,$0.01,-$0.02,$0.00,-$0.00,$0.02,$0.01,-$0.01,-$0.01,-$0.00,$0.01,$0.01,$1.39,381.95,0.924573662
19/7/2022,-$0.03,-$0.05,-$0.02,-$0.04,-$0.04,-$0.02,-$0.05,-$0.02,-$0.03,$0.01,-$0.01,-$0.05,-$0.03,-$0.02,-$0.03,-$0.00,-$0.05,-$0.04,-$0.05,-$0.03,-$0.03,$1.36,392.27,0.935341129
20/7/2022,-$0.01,-$0.04,-$0.01,-$0.04,-$0.00,$0.00,-$0.04,-$0.01,$0.00,$0.01,$0.02,-$0.05,-$0.00,-$0.01,$0.03,$0.03,-$0.07,-$0.04,-$0.03,-$0.03,-$0.02,$1.34,394.77,0.937925342
21/7/2022,-$0.02,-$0.02,-$0.01,-$0.02,-$0.00,-$0.01,-$0.00,-$0.09,-$0.01,-$0.00,$0.01,-$0.01,-$0.02,-$0.01,-$0.01,-$0.03,-$0.03,-$0.01,-$0.03,-$0.02,-$0.02,$1.33,398.79,0.942061417
22/7/2022,$0.01,$0.03,$0.02,$0.02,$0.06,$0.00,$0.08,-$0.00,$0.01,-$0.00,-$0.02,$0.04,$0.01,-$0.01,$0.00,-$0.07,$0.02,$0.01,$0.02,$0.02,$0.01,$1.34,395.09,0.938255452
25/7/2022,$0.01,$0.01,$0.01,$0.01,$0.00,-$0.00,$0.02,$0.01,-$0.00,-$0.00,-$0.01,$0.02,-$0.00,$0.00,-$0.02,$0.01,$0.01,$0.00,-$0.01,$0.03,$0.00,$1.34,395.57,0.938750334
26/7/2022,$0.01,$0.03,$0.03,$0.05,$0.02,$0.02,$0.05,$0.04,$0.01,-$0.01,-$0.00,$0.03,$0.01,$0.03,-$0.00,$0.00,$0.02,$0.03,$0.06,$0.03,$0.02,$1.36,390.89,0.933910651
27/7/2022,-$0.03,-$0.05,-$0.06,-$0.05,$0.07,-$0.02,-$0.06,-$0.06,$0.01,$0.00,-$0.01,-$0.07,-$0.01,-$0.00,-$0.01,-$0.00,-$0.06,-$0.04,-$0.11,-$0.04,-$0.03,$1.33,401.04,0.944366094
28/7/2022,-$0.00,-$0.02,-$0.03,-$0.01,-$0.01,$0.00,$0.05,-$0.02,-$0.00,-$0.01,-$0.02,-$0.01,-$0.03,-$0.00,-$0.01,$0.01,$0.00,-$0.01,$0.01,-$0.03,-$0.01,$1.33,406.07,0.949492011
29/7/2022,-$0.03,-$0.03,-$0.02,-$0.10,-$0.02,-$0.00,$0.01,-$0.06,-$0.00,-$0.00,$0.06,-$0.01,-$0.00,-$0.00,-$0.00,$0.01,$0.01,-$0.01,-$0.01,-$0.02,-$0.01,$1.32,411.99,0.955479096
1/8/2022,$0.01,-$0.02,$0.01,-$0.00,$0.01,$0.01,-$0.01,-$0.00,$0.00,$0.00,$0.03,-$0.02,$0.01,-$0.02,$0.01,-$0.00,-$0.01,-$0.00,-$0.02,-$0.00,$0.00,$1.32,410.77,0.954249272
2/8/2022,$0.01,-$0.03,$0.01,$0.01,-$0.00,$0.02,-$0.00,-$0.01,$0.02,$0.01,$0.01,-$0.00,$0.00,$0.02,-$0.00,$0.02,$0.02,$0.01,-$0.01,$0.00,$0.01,$1.32,408.06,0.951510038
3/8/2022,-$0.04,$0.01,-$0.03,-$0.04,-$0.03,-$0.01,-$0.05,-$0.02,-$0.01,-$0.01,-$0.02,-$0.02,-$0.01,-$0.02,-$0.01,$0.00,-$0.02,-$0.04,-$0.09,-$0.03,-$0.02,$1.30,414.45,0.957952654
4/8/2022,$0.00,-$0.06,-$0.00,-$0.02,-$0.00,$0.01,-$0.01,-$0.00,-$0.02,$0.02,$0.00,-$0.02,-$0.01,-$0.00,$0.01,$0.02,-$0.01,$0.01,$0.01,-$0.01,$0.00,$1.29,414.17,0.957671531
5/8/2022,$0.00,$0.02,$0.00,$0.01,$0.01,-$0.03,$0.02,$0.07,-$0.01,$0.00,-$0.00,$0.01,-$0.00,-$0.01,-$0.00,$0.01,$0.01,$0.01,$0.02,-$0.01,$0.01,$1.30,413.47,0.956968251
8/8/2022,$0.00,$0.02,$0.01,$0.01,$0.00,$0.01,-$0.02,-$0.01,$0.01,$0.01,-$0.00,$0.07,$0.02,-$0.01,-$0.00,$0.01,-$0.03,-$0.02,-$0.01,-$0.00,$0.00,$1.30,412.99,0.956485613
9/8/2022,-$0.00,$0.05,-$0.01,$0.01,$0.01,-$0.01,$0.01,$0.02,$0.01,-$0.00,$0.00,$0.04,$0.02,$0.02,-$0.00,-$0.00,$0.02,$0.01,$0.02,$0.02,$0.01,$1.31,411.35,0.9548342
10/8/2022,-$0.03,-$0.04,-$0.02,-$0.03,-$0.03,-$0.03,-$0.06,-$0.04,-$0.01,-$0.00,-$0.01,-$0.06,-$0.02,-$0.02,-$0.00,-$0.00,-$0.06,-$0.04,-$0.05,-$0.03,-$0.03,$1.29,419.99,0.963492941
11/8/2022,$0.00,$0.01,$0.01,$0.01,$0.01,-$0.01,$0.00,$0.03,$0.00,$0.02,$0.01,$0.01,$0.01,$0.00,$0.01,$0.00,$0.01,-$0.05,-$0.00,$0.01,$0.00,$1.29,419.99,0.963492941
12/8/2022,-$0.02,-$0.03,-$0.02,-$0.02,-$0.02,-$0.02,-$0.02,-$0.05,-$0.00,-$0.01,-$0.01,-$0.04,-$0.01,-$0.01,-$0.02,-$0.01,-$0.03,-$0.03,-$0.02,-$0.02,-$0.02,$1.27,427.1,0.970543072
15/8/2022,-$0.01,-$0.00,-$0.01,$0.00,-$0.00,-$0.00,-$0.00,-$0.03,-$0.02,$0.00,-$0.01,-$0.02,-$0.02,$0.00,-$0.00,-$0.01,$0.00,-$0.02,-$0.00,-$0.01,-$0.01,$1.26,428.86,0.972277981
16/8/2022,$0.00,$0.01,$0.00,-$0.01,$0.00,-$0.01,$0.01,$0.01,-$0.00,$0.01,-$0.01,$0.01,$0.00,-$0.04,-$0.00,-$0.01,$0.01,-$0.01,-$0.01,$0.01,$0.00,$1.26,429.7,0.973104586
17/8/2022,-$0.01,$0.02,$0.00,$0.02,$0.02,$0.01,$0.03,$0.01,$0.01,-$0.00,$0.00,$0.03,$0.01,$0.01,$0.00,$0.01,$0.02,$0.02,$0.03,$0.02,$0.01,$1.27,426.65,0.970098838
18/8/2022,$0.00,-$0.02,$0.00,-$0.00,-$0.01,$0.01,$0.00,$0.00,-$0.00,$0.00,-$0.00,-$0.02,-$0.01,$0.00,-$0.00,$0.03,-$0.02,$0.00,-$0.00,-$0.00,$0.00,$1.27,427.89,0.971322309
19/8/2022,$0.02,$0.05,$0.01,$0.03,$0.02,$0.03,$0.04,$0.02,$0.01,$0.02,$0.00,$0.05,$0.01,$0.01,-$0.01,-$0.01,$0.02,$0.02,$0.03,$0.03,$0.02,$1.29,422.14,0.965631911
22/8/2022,$0.02,$0.03,$0.03,$0.04,$0.03,$0.02,$0.03,$0.02,$0.02,$0.01,$0.00,$0.05,$0.03,$0.03,$0.01,$0.01,$0.06,$0.04,$0.03,$0.03,$0.03,$1.32,413.35,0.956847621
23/8/2022,$0.00,$0.00,$0.00,-$0.00,$0.00,$0.01,$0.01,-$0.02,$0.01,$0.01,$0.02,-$0.01,$0.01,$0.02,$0.02,$0.02,$0.01,$0.01,$0.00,$0.00,$0.01,$1.32,412.35,0.955841601
24/8/2022,-$0.00,-$0.00,$0.00,-$0.00,$0.00,-$0.00,-$0.01,-$0.00,-$0.00,$0.00,$0.00,-$0.00,$0.00,-$0.00,-$0.00,-$0.00,-$0.02,-$0.01,-$0.01,$0.01,$0.00,$1.32,413.67,0.957169257
25/8/2022,-$0.01,-$0.05,-$0.01,-$0.03,-$0.03,-$0.02,-$0.03,$0.00,$0.02,$0.01,$0.00,-$0.04,-$0.01,-$0.01,-$0.01,-$0.00,-$0.02,-$0.01,-$0.03,$0.00,-$0.01,$1.31,419.51,0.963014558
26/8/2022,$0.04,$0.06,$0.04,$0.05,$0.06,$0.03,$0.04,$0.03,$0.03,$0.02,$0.02,$0.10,$0.04,$0.04,$0.02,$0.01,$0.05,$0.03,$0.04,$0.06,$0.04,$1.35,405.31,0.948719832
29/8/2022,$0.01,$0.03,$0.01,$0.01,$0.01,$0.00,$0.02,$0.01,-$0.00,-$0.01,$0.00,-$0.03,-$0.01,$0.01,-$0.00,-$0.00,-$0.01,$0.00,$0.00,-$0.02,$0.00,$1.35,402.63,0.945990325
30/8/2022,$0.02,$0.02,$0.01,$0.01,$0.00,-$0.00,$0.01,$0.03,-$0.00,-$0.00,$0.01,-$0.02,-$0.00,$0.01,$0.01,-$0.02,$0.02,$0.01,$0.01,-$0.00,$0.01,$1.36,398.21,0.94146613
31/8/2022,$0.01,-$0.02,$0.01,$0.02,$0.01,$0.01,-$0.04,$0.01,-$0.01,-$0.01,-$0.02,-$0.02,-$0.01,-$0.02,-$0.01,-$0.02,-$0.01,$0.00,-$0.02,-$0.00,-$0.01,$1.35,395.18,0.938348268
1/9/2022,-$0.00,-$0.03,-$0.00,-$0.01,$0.01,-$0.01,-$0.01,-$0.01,$0.01,$0.02,$0.01,-$0.08,$0.00,$0.02,$0.01, $-   ,-$0.03,-$0.00,$0.01,-$0.01,$0.00,$1.34,396.42,0.939625854
2/9/2022,$0.01,-$0.03,-$0.02,$0.00,$0.02,$0.01,$0.03,$0.03,-$0.01,$0.02,-$0.02,-$0.02,-$0.01,$0.01,-$0.01,-$0.01,$0.02,$0.01,$0.02,-$0.01,$0.00,$1.34,392.24,0.935310062
6/9/2022,-$0.01,-$0.02,-$0.01,$0.01,-$0.01,-$0.00,$0.01,$0.02,$0.00,-$0.00,-$0.01,-$0.01,$0.00,$0.01,$0.00,-$0.00,$0.03,$0.01,-$0.01,$0.00,$0.00,$1.35,390.76,0.933775749
7/9/2022,$0.01,$0.01,$0.02,$0.03,$0.02,-$0.02,-$0.01,$0.03,$0.01,-$0.01,$0.02,$0.02,$0.01,$0.03,$0.01,-$0.00,-$0.05,-$0.02,-$0.04,$0.03,$0.01,$1.35,397.78,0.94102448
8/9/2022,-$0.01,$0.04,$0.00,-$0.00,$0.01,-$0.02,-$0.01,-$0.02,-$0.00,-$0.01,$0.00,$0.02,-$0.00,-$0.01,-$0.01,$0.01,$0.01,$0.00,-$0.01,-$0.01,$0.00,$1.35,400.38,0.943690815
9/9/2022,$0.02,-$0.03,-$0.02,-$0.03,-$0.02,-$0.00,-$0.04,-$0.04,-$0.02,-$0.00,-$0.02,$0.03,-$0.02,$0.00,$0.01,$0.02,-$0.03,-$0.03,-$0.00,-$0.03,-$0.01,$1.34,406.6,0.950030021
12/9/2022,-$0.04,$0.01,-$0.01,-$0.02,-$0.00,-$0.01,$0.00,-$0.02,-$0.01,$0.00,-$0.01,-$0.01,-$0.01,$0.01,-$0.01,-$0.01,-$0.01,-$0.01,-$0.01,-$0.00,-$0.01,$1.33,410.97,0.954451024
13/9/2022,$0.06,$0.09,$0.06,$0.07,$0.06,$0.04,$0.10,$0.04,$0.03,$0.03,$0.02,$0.10,$0.04,$0.07,$0.03,$0.02,$0.08,$0.04,$0.03,$0.07,$0.05,$1.38,393.1,0.936200118
14/9/2022,$0.01,$0.01,$0.00,-$0.01,$0.01,$0.00,-$0.01,-$0.04,$0.00,$0.02,-$0.00,-$0.00,-$0.00,-$0.01,-$0.01,$0.01,$0.03,-$0.01,-$0.03,-$0.01,$0.00,$1.38,394.6,0.937749909
15/9/2022,$0.02,-$0.01,-$0.03,$0.02,-$0.02,-$0.02,-$0.01,-$0.00,$0.02,-$0.00,$0.01,-$0.02,$0.03,-$0.02,$0.03,$0.01,-$0.05,$0.02,$0.01,$0.18,$0.01,$1.39,390.12,0.933111244
16/9/2022,-$0.01,-$0.00,-$0.00,$0.02,-$0.00,$0.01,-$0.02,$0.00,-$0.01,-$0.02,-$0.01,$0.02,-$0.01,$0.02,$0.00,-$0.01,-$0.02,$0.02,$0.03,-$0.03,$0.00,$1.39,385.56,0.928358695
19/9/2022,$0.02,-$0.00,-$0.00,$0.01,$0.00,-$0.01,$0.01,-$0.02,-$0.00,$0.01,$0.00,-$0.01,-$0.00,$0.02,-$0.00,$0.00,-$0.01,-$0.01,-$0.01,-$0.01,$0.00,$1.39,388.55,0.931478515
20/9/2022,-$0.02,$0.02,-$0.01,$0.02,$0.02,$0.02,-$0.01,$0.00,-$0.01,$0.01,$0.00,$0.02,-$0.00,$0.02,$0.00,$0.02,$0.00,$0.01,$0.04,-$0.02,$0.01,$1.39,384.09,0.926819851
21/9/2022,$0.02,$0.01,-$0.01,-$0.03,-$0.02,$0.03,-$0.03,$0.03,-$0.03,$0.01,$0.01,-$0.01,-$0.03,-$0.01,$0.02,$0.03,$0.02,-$0.03,$0.00,-$0.02,$0.00,$1.39,377.39,0.919763525
22/9/2022,$0.01,$0.07,$0.01,-$0.01,$0.01,-$0.01,$0.00,$0.04,-$0.01,-$0.02,-$0.00,$0.05,-$0.02,-$0.01,-$0.01,$0.01,-$0.00,-$0.02,$0.04,$0.00,$0.01,$1.40,374.22,0.916400234
23/9/2022,$0.02,-$0.02,$0.01,-$0.03,-$0.01,-$0.02,-$0.02,$0.05,-$0.01,-$0.00,$0.00,$0.00,-$0.02,$0.01,$0.01,-$0.01,$0.05,-$0.03,-$0.01,-$0.01,$0.00,$1.40,367.95,0.909700131
26/9/2022,-$0.00,-$0.02,$0.00,$0.01,-$0.01,-$0.02,-$0.03,-$0.00,-$0.02,$0.01,-$0.00,$0.02,-$0.01,$0.02,$0.01,-$0.02,$0.01,-$0.01,-$0.03,-$0.03,-$0.01,$1.39,364.31,0.905780772
27/9/2022,-$0.01,$0.01,$0.00,-$0.01,-$0.01,-$0.01,-$0.01,-$0.02,-$0.02,$0.00,$0.03,-$0.02,-$0.01,-$0.01,$0.00,-$0.00,-$0.00,-$0.02,$0.02,$0.00,$0.00,$1.39,363.38,0.904775848
28/9/2022,$0.01,$0.02,-$0.02,$0.03,$0.03,$0.02,$0.05,-$0.02,$0.01,-$0.01, $-   ,-$0.03,$0.01,-$0.05,-$0.01,$0.01,-$0.09,$0.04,$0.06,$0.01,$0.00,$1.39,370.53,0.912464871
29/9/2022,$0.05,$0.06,$0.01,$0.03,$0.03,-$0.02,$0.04,$0.07,$0.00,$0.01,-$0.03,$0.04,-$0.01,$0.01,$0.01,$0.02,$0.02,-$0.02,$0.03,$0.01,$0.02,$1.41,362.79,0.904137562
30/9/2022,-$0.03,-$0.01,$0.02,-$0.02,-$0.02,-$0.02,-$0.01,-$0.01,-$0.01,$0.01,-$0.02,$0.01,-$0.01,$0.01,$0.01,-$0.02,$0.02,-$0.03,$0.03,$0.01,$0.00,$1.41,357.18,0.898038862
3/10/2022,$0.03,$0.04,$0.03,$0.03,$0.03,$0.03,$0.02,-$0.09,$0.02,$0.00,$0.02,-$0.03,$0.02,-$0.03,$0.02,$0.03,-$0.02,$0.03,$0.01,-$0.04,$0.01,$1.41,366.61,0.908259852
4/10/2022,$0.03,-$0.03,-$0.03,-$0.04,-$0.03,-$0.05,-$0.01,$0.03,-$0.02,-$0.01,$0.01,-$0.05,-$0.04,-$0.02,-$0.01,-$0.02,-$0.01,$0.04,-$0.06,-$0.03,-$0.02,$1.40,377.97,0.920377159
5/10/2022,-$0.00,-$0.00,-$0.00,$0.00,$0.00,$0.02,$0.01,-$0.04,-$0.01,$0.00,$0.01,-$0.00,-$0.01,-$0.00,-$0.01,$0.01,$0.02,$0.01,-$0.01,-$0.01,$0.00,$1.40,377.09,0.919445919
6/10/2022,$0.01,$0.00,$0.01,$0.01,$0.00,$0.02,-$0.00,-$0.01,$0.01,$0.02,-$0.02,$0.01,$0.02,-$0.00,$0.02,$0.04,-$0.01,$0.01,-$0.01,-$0.00,$0.01,$1.40,373.2,0.915314614
7/10/2022,$0.04,$0.15,$0.05,$0.05,$0.03,$0.02,$0.04,-$0.07,$0.01,-$0.01,-$0.02,$0.08,$0.01,$0.02,$0.03,-$0.03,$0.07,$0.03,$0.05,$0.03,$0.03,$1.43,362.79,0.904137562
10/10/2022,$0.00,-$0.01,$0.02,$0.01,$0.01,$0.01,-$0.00,-$0.00,$0.01,$0.00,-$0.00,$0.03,$0.01,$0.01,-$0.01,-$0.01,-$0.02,$0.02,$0.06,$0.01,$0.01,$1.44,360.02,0.90113298
11/10/2022,-$0.01,-$0.00,-$0.02,$0.01,$0.01,-$0.03,$0.04,-$0.03,$0.02,$0.01,$0.00,-$0.01,$0.02,-$0.00,$0.00,-$0.02,$0.07,$0.02,-$0.02,$0.00,$0.00,$1.44,357.74,0.898650069
12/10/2022,-$0.00,$0.00,$0.00,-$0.01,-$0.00,$0.02,-$0.01,$0.00,$0.01,$0.00,$0.00,-$0.01,$0.01,$0.01,$0.00,-$0.01,$0.03,$0.00,$0.01,-$0.00,$0.00,$1.44,356.56,0.897361537
13/10/2022,$0.03,$0.02,$0.04,$0.00,-$0.02,-$0.05,$0.02,$0.02,-$0.04,-$0.02,$0.02,$0.04,-$0.04,-$0.01,$0.02,$0.02,-$0.05,-$0.03,$0.00,-$0.03,$0.00,$1.44,365.97,0.907570907
14/10/2022,$0.03,$0.05,$0.02,$0.05,$0.03,-$0.02,$0.03,-$0.08,$0.01,$0.00,$0.01,$0.06,$0.02,$0.02,-$0.01,-$0.00,$0.01,$0.02,$0.04,$0.02,$0.02,$1.46,357.63,0.898530053
17/10/2022,-$0.03,$0.04,-$0.04,$0.06,-$0.03,-$0.04,-$0.06,$0.07,-$0.01,-$0.01,-$0.02,$0.06,-$0.02,-$0.02,-$0.02,-$0.02,-$0.06,-$0.03,$0.05,-$0.02,-$0.01,$1.45,366.82,0.908485764
18/10/2022,-$0.01,$0.00,-$0.00,-$0.02,-$0.01,-$0.03,$0.01,-$0.00,-$0.01,$0.00,-$0.01,-$0.01,-$0.02,-$0.01,-$0.00,$0.00,$0.02,-$0.01,-$0.01,$0.00,-$0.01,$1.44,371.13,0.913106272
19/10/2022,-$0.00,$0.01,$0.01,$0.01,$0.01,$0.02,-$0.00,-$0.01,$0.00,$0.01,-$0.01,-$0.01,$0.01,$0.03,$0.00,$0.01,-$0.12,-$0.01,$0.01,-$0.02,$0.00,$1.44,368.5,0.910290431
20/10/2022,$0.00,-$0.01,$0.00,-$0.00,-$0.00,$0.00,$0.01,$0.07,-$0.00,-$0.00,$0.02,-$0.01,$0.01,$0.02,-$0.00,-$0.01,$0.02,$0.00,-$0.00,-$0.01,$0.00,$1.45,365.41,0.90696752
21/10/2022,-$0.03,-$0.02,-$0.03,-$0.03,-$0.01,-$0.05,$0.01,-$0.03,-$0.02,-$0.02,-$0.01,-$0.02,-$0.02,-$0.02,-$0.02,$0.05,-$0.08,-$0.03,$0.01,-$0.01,-$0.02,$1.43,374.29,0.916474676
24/10/2022,-$0.01,$0.00,-$0.02,-$0.00,-$0.01,-$0.00,$0.00,$0.02,-$0.00,-$0.01,-$0.01,-$0.01,-$0.01,-$0.03,-$0.01,$0.02,$0.02,$0.00,$0.01,-$0.03,$0.00,$1.42,378.87,0.921328296
25/10/2022,-$0.02,-$0.05,-$0.01,-$0.01,-$0.02,-$0.00,-$0.06,-$0.05,-$0.02,$0.00,-$0.01,-$0.05,-$0.02,-$0.02,$0.00,-$0.01,-$0.03,-$0.03,-$0.07,-$0.02,-$0.02,$1.40,384.92,0.927689131
26/10/2022,$0.02,$0.03,$0.08,$0.04,$0.10,-$0.01,$0.06,-$0.01,-$0.05,-$0.01,-$0.01,$0.03,-$0.03,$0.00,-$0.01, $-   ,-$0.03,-$0.00,$0.01,$0.01,$0.01,$1.41,382.02,0.924647248
27/10/2022,$0.03,$0.02,$0.02,$0.04,-$0.03,-$0.00,$0.28,-$0.00,-$0.00,-$0.00,-$0.00,-$0.02,$0.00,-$0.00,$0.00,$0.01,$0.01,$0.00,$0.01,$0.01,$0.02,$1.43,379.98,0.922499607
28/10/2022,-$0.07,-$0.06,$0.04,$0.07,$0.04,-$0.01,$0.01,-$0.02,-$0.02,-$0.01,-$0.03,-$0.05,-$0.03,-$0.03,-$0.02,-$0.04,$0.00,-$0.01,$0.01,-$0.02,-$0.01,$1.42,389.02,0.931967684
31/10/2022,$0.02,$0.03,$0.02,-$0.01,$0.02,$0.00,-$0.06,$0.00,$0.01,$0.01,$0.00,$0.02,$0.00,$0.01,-$0.01,$0.01,$0.01,-$0.01,$0.03,$0.02,$0.01,$1.42,386.21,0.929038078
1/11/2022,$0.02,$0.01,$0.02,-$0.06,-$0.04,-$0.02,$0.02,-$0.00,$0.00,$0.01,-$0.00,-$0.00,-$0.02,$0.00,$0.01, $-   ,$0.02,$0.01,$0.01,$0.01,$0.00,$1.42,384.52,0.927270333
2/11/2022,$0.04,$0.02,$0.04,-$0.05,-$0.04,$0.01,-$0.05,$0.06,$0.03,$0.02,$0.01,$0.02,$0.04,$0.03,$0.01,-$0.01,$0.05,$0.04,$0.05,$0.05,$0.02,$1.44,374.87,0.917091177
3/11/2022,$0.04,-$0.02,-$0.03,-$0.03,-$0.04,-$0.00,-$0.02,-$0.00,$0.03,-$0.00,$0.01,-$0.02,$0.03,$0.03,-$0.00,$0.02,$0.01,$0.03,-$0.04,$0.05,$0.00,$1.44,371.01,0.912978039
4/11/2022,$0.00,-$0.03,$0.03,$0.02,$0.04,-$0.03,$0.02,$0.04,-$0.01,-$0.00,-$0.02,-$0.05,-$0.03,-$0.01,$0.01,-$0.00,$0.03,-$0.00,-$0.02,$0.00,$0.00,$1.44,376.35,0.918661879
7/11/2022,-$0.00,-$0.01,-$0.03,-$0.01,$0.02,-$0.01,$0.06,$0.05,-$0.02,-$0.01,-$0.02,-$0.01,-$0.02,-$0.02,-$0.01,$0.00,$0.01,-$0.01,$0.03,-$0.05,$0.00,$1.44,379.95,0.922467975
8/11/2022,-$0.00,-$0.01,-$0.00,-$0.01,$0.00,-$0.00,$0.00,-$0.03,-$0.01,-$0.01,-$0.00,-$0.02,-$0.00,-$0.00,-$0.01,-$0.02,-$0.02,$0.01,$0.04,-$0.01,-$0.01,$1.43,382,0.924626224
9/11/2022,$0.03,$0.06,$0.02,-$0.04,$0.02,$0.01,-$0.05,-$0.07,$0.04,$0.01,$0.00,$0.06,$0.03,$0.02,$0.02,$0.01,$0.03,$0.14,$0.03,$0.01,$0.02,$1.45,374.13,0.916304511
10/11/2022,$0.09,-$0.13,-$0.08,$0.11,$0.07,-$0.04,-$0.10,$0.07,-$0.06,-$0.01,-$0.03,-$0.13,-$0.07,-$0.08,-$0.01,-$0.02,-$0.08,$0.04,-$0.10,-$0.10,-$0.03,$1.42,394.69,0.937842791
11/11/2022,-$0.02,-$0.06,-$0.02,-$0.04,-$0.03,-$0.00,-$0.01,$0.03,$0.00,$0.03,$0.00,-$0.04,-$0.01,-$0.01,$0.04,$0.01,-$0.05,$0.05,-$0.05,-$0.03,-$0.01,$1.41,398.51,0.941774098
14/11/2022,$0.01,-$0.02,$0.02,$0.02,$0.01,$0.01,-$0.01,$0.03,-$0.01,-$0.02,-$0.00,$0.00,-$0.00,$0.03,$0.02,-$0.00,-$0.03,$0.01,$0.02,$0.00,$0.00,$1.41,395.12,0.938286392
15/11/2022,-$0.01,-$0.04,-$0.00,-$0.00,-$0.03,$0.01,-$0.02,$0.02,-$0.02,-$0.00,$0.00,-$0.02,-$0.01,-$0.02,$0.02,$0.02,-$0.04,-$0.01,-$0.00,-$0.02,-$0.01,$1.41,398.49,0.941753571
16/11/2022,$0.01,$0.05,$0.00,$0.02,-$0.00,-$0.00,$0.03,$0.04,-$0.00,-$0.01,-$0.01,$0.05,$0.00,-$0.01,-$0.02,-$0.00,$0.01,$0.02,$0.03,$0.02,$0.01,$1.42,395.45,0.938626645
17/11/2022,-$0.01,-$0.02,$0.00,$0.02,$0.01,$0.00,$0.02,-$0.02,-$0.00,-$0.01,$0.01,$0.01,$0.00,$0.01,-$0.01,-$0.01,$0.04,$0.03,$0.02,$0.00,$0.00,$1.42,394.24,0.937378264
18/11/2022,-$0.00,$0.00,$0.00,$0.01,$0.01,-$0.01,-$0.01,-$0.02,$0.00,-$0.01,-$0.01,$0.02,-$0.01,-$0.01,-$0.03,-$0.01,$0.03,-$0.00,$0.01,$0.02,$0.00,$1.42,396.03,0.939224277
21/11/2022,$0.02,$0.02,-$0.00,$0.02,$0.02,$0.01,$0.02,-$0.07,$0.02,$0.00,-$0.01,$0.01,$0.02,-$0.01,$0.02,-$0.00,$0.01,-$0.06,$0.05,$0.03,$0.00,$1.43,394.59,0.937739588
22/11/2022,-$0.01,-$0.04,-$0.01,-$0.01,-$0.02,-$0.01,-$0.01,$0.01,-$0.02,-$0.00,-$0.01,-$0.05,-$0.02,-$0.03,-$0.01,-$0.01,-$0.01,$0.01,$0.01,-$0.03,-$0.01,$1.41,399.9,0.943199308
23/11/2022,-$0.01,-$0.02,-$0.01,-$0.01,-$0.01,-$0.01,-$0.01,$0.08,-$0.01,-$0.00,-$0.01,-$0.03,-$0.01,$0.01,-$0.01,$0.01,-$0.02,-$0.03,-$0.01,-$0.01,-$0.01,$1.41,402.42,0.945776013
25/11/2022,$0.02,$0.02,$0.00,$0.01,$0.01,-$0.00,$0.01,$0.00,-$0.01,-$0.00,-$0.00,$0.02,-$0.01,-$0.02,-$0.01,-$0.00,$0.02,$0.00,$0.01,$0.00,$0.00,$1.41,402.33,0.945684145
28/11/2022,$0.03,$0.03,$0.02,-$0.01,$0.01,$0.02,$0.02,-$0.00,$0.01,-$0.00,$0.00,$0.03,$0.02,$0.02,$0.01,$0.02,$0.02,$0.03,$0.00,$0.02,$0.02,$1.42,395.91,0.939100669
29/11/2022,$0.02,-$0.00,$0.01,$0.02,$0.01,-$0.02,-$0.01,$0.01,$0.01,$0.01,$0.01,$0.01,$0.00,$0.01,$0.01,-$0.00,$0.00,$0.01,$0.03,$0.01,$0.01,$1.43,395.23,0.938399827
30/11/2022,-$0.05,-$0.06,-$0.06,-$0.04,-$0.06,-$0.01,-$0.08,-$0.07,-$0.04,-$0.01,-$0.03,-$0.08,-$0.04,-$0.03,-$0.04,-$0.02,-$0.08,-$0.03,-$0.01,-$0.05,-$0.04,$1.39,407.68,0.951125117
1/12/2022,-$0.00,$0.00,$0.00,$0.01, $-   ,$0.01,-$0.02, $-   , $-   ,-$0.00,-$0.00,-$0.01,-$0.01,-$0.01,$0.02,$0.02,-$0.04,-$0.01,-$0.00,$0.00,$0.00,$1.39,407.38,0.950821088
2/12/2022,$0.00,$0.03,-$0.00,$0.01,$0.01,$0.01,-$0.03,-$0.00,-$0.00,-$0.00,-$0.01,$0.02,$0.00,-$0.00,$0.00,$0.00,-$0.01,-$0.01,$0.05,$0.01,$0.00,$1.39,406.91,0.950344522
5/12/2022,$0.01,$0.02,$0.02,$0.03,$0.01,$0.03,$0.01,$0.07,$0.02,$0.00,$0.01,$0.02,$0.01,$0.02,$0.00,$0.03,$0.02,$0.04,-$0.01,$0.02,$0.02,$1.41,399.59,0.942881698
6/12/2022,$0.03,$0.05,$0.02,$0.03,$0.03,-$0.00,$0.07,$0.01,$0.02,$0.02,-$0.00,$0.04,$0.02,$0.01,-$0.01,$0.00,$0.02,$0.04,-$0.02,$0.01,$0.02,$1.43,393.83,0.936954767
7/12/2022,$0.01,$0.00,$0.00,-$0.00,$0.02,$0.00,$0.00,$0.03,$0.01,-$0.01,-$0.01,-$0.01,$0.00,-$0.01,-$0.01,-$0.01,-$0.01,$0.00,$0.03,$0.01,$0.00,$1.43,393.16,0.936262174
8/12/2022,-$0.01,-$0.00,-$0.01,-$0.02,$0.01,-$0.01,-$0.01,$0.00,-$0.01,-$0.00,-$0.01,-$0.06,-$0.01,-$0.01,-$0.01,$0.00,-$0.01,-$0.00,$0.00,-$0.02,-$0.01,$1.42,396.24,0.939440538
9/12/2022,$0.00,$0.03,$0.01,$0.01,$0.01,$0.01,-$0.00,-$0.03,$0.00,$0.01,$0.00,$0.01,$0.01,$0.01,$0.02,-$0.01,-$0.03,-$0.01,$0.01,$0.01,$0.00,$1.42,393.28,0.936386269
12/12/2022,-$0.02,-$0.03,-$0.03,-$0.02,-$0.01,-$0.02,$0.01,$0.06,-$0.03,-$0.01,-$0.01,-$0.03,-$0.03,-$0.02,-$0.01,-$0.01,$0.02,-$0.01,-$0.00,-$0.02,-$0.01,$1.41,398.95,0.942225547
13/12/2022,-$0.01,-$0.01,-$0.02,-$0.02,-$0.02,$0.00,-$0.05,-$0.04,$0.01,-$0.01,$0.00,-$0.03,$0.00,-$0.01,$0.01,$0.00,-$0.02,-$0.00,$0.00,-$0.01,-$0.01,$1.40,401.97,0.945316558
14/12/2022,$0.02,$0.04,-$0.00,$0.01,$0.01,$0.01,-$0.01,-$0.03,-$0.00,-$0.00,-$0.00,$0.02,-$0.00,-$0.00,-$0.00,$0.01,$0.01,$0.01,$0.01,$0.01,$0.00,$1.41,399.4,0.942686966
15/12/2022,$0.05,$0.04,$0.03,$0.03,$0.05,$0.03,$0.05,$0.01,$0.03,$0.01,$0.01,$0.04,$0.03,$0.02,$0.02,-$0.01,$0.09,$0.04,$0.04,$0.03,$0.03,$1.44,389.63,0.932602066
16/12/2022,-$0.01,$0.02,$0.02,$0.01,$0.01,-$0.01,-$0.03,-$0.05,$0.00,$0.01,$0.00,$0.02,$0.00,$0.01,$0.01,$0.02,-$0.00,$0.00,-$0.01,-$0.03,$0.00,$1.44,383.27,0.925960001
19/12/2022,-$0.02,$0.01,$0.02,$0.03,-$0.02,$0.01,$0.04,-$0.00,$0.01,$0.00,$0.00,$0.02,$0.01,$0.02,$0.00,$0.00,$0.01,$0.05,-$0.00,$0.03,$0.01,$1.45,380.02,0.92254178
20/12/2022,-$0.00,$0.01,-$0.01,$0.00,$0.01,$0.00,-$0.02,-$0.08,-$0.00,-$0.00,-$0.00,$0.01,-$0.00,$0.01,$0.01,$0.00,$0.00,$0.01,$0.00,-$0.03,$0.00,$1.45,380.54,0.923089803
21/12/2022,$0.02,$0.04,-$0.01,$0.02,$0.01,-$0.01,-$0.02,-$0.00,-$0.01,-$0.01,-$0.01,-$0.03,-$0.01,-$0.01,-$0.01,-$0.02,-$0.03,-$0.00,-$0.01,-$0.01,-$0.01,$1.44,386.23,0.929058971
22/12/2022,-$0.02,$0.06,$0.03,$0.03,-$0.02,$0.01,$0.02,-$0.09,$0.01,$0.00,-$0.00,$0.07,$0.01,$0.01,$0.00,-$0.01,$0.00,-$0.00,$0.01,$0.01,$0.01,$1.45,380.72,0.923279405
23/12/2022,-$0.00,$0.01,-$0.00,$0.02,$0.02,-$0.00,-$0.01,-$0.02,-$0.00,-$0.00,-$0.00,-$0.01,-$0.01,-$0.01,-$0.01,-$0.00,$0.01,$0.02,-$0.01,-$0.01,$0.00,$1.44,382.91,0.925582177
27/12/2022,-$0.01,-$0.02,$0.01,-$0.03,$0.02,-$0.00,$0.01,-$0.12,-$0.00,$0.00,-$0.01,-$0.07,-$0.01,-$0.00,-$0.00,-$0.02,$0.04,$0.02,$0.01,$0.01,-$0.01,$1.44,381.4,0.923995221
28/12/2022,-$0.03,-$0.01,-$0.01,-$0.01,-$0.02,-$0.01,$0.01,$0.03,$0.01,$0.00,$0.01,-$0.01,$0.01,$0.01,$0.01,$0.01,$0.03,-$0.03,$0.01,$0.02,$0.00,$1.44,376.66,0.918990434
29/12/2022,$0.03,$0.04,$0.03,$0.03,$0.03,-$0.01,-$0.04,$0.08,-$0.01,-$0.01,-$0.00,$0.04,-$0.02,-$0.01,-$0.00,-$0.01,$0.05,$0.04,-$0.04,-$0.03,$0.01,$1.45,383.44,0.926138348
30/12/2022,$0.00,$0.00,$0.00,$0.00,$0.00,-$0.01,-$0.00,$0.01,$0.00,$0.01,$0.01,$0.00,$0.00,$0.01,-$0.00,-$0.00,-$0.01,$0.00,-$0.01,$0.00,$0.00,$1.45,382.43,0.925078098
3/1/2023,$0.04,$0.01,$0.00,-$0.02,-$0.01,-$0.01,-$0.04,$0.13,$0.00,-$0.01,-$0.00,-$0.02,$0.00,-$0.00,$0.02,-$0.02,-$0.00,-$0.02,-$0.05,-$0.00,$0.00,$1.45,380.82,0.923384718
4/1/2023,$0.01,-$0.01,$0.04,$0.01,$0.01,-$0.01,-$0.02,$0.05,-$0.02,-$0.01,-$0.00,$0.03,-$0.02,-$0.01,-$0.03,-$0.02,-$0.05,-$0.03,-$0.04,-$0.01,-$0.01,$1.44,383.76,0.926473939
5/1/2023,-$0.01,$0.04,-$0.03,$0.02,$0.02,$0.01,$0.00,$0.03,$0.01,$0.01,$0.01,$0.03,$0.01,$0.01,-$0.03,-$0.01,-$0.00,$0.00,$0.02,$0.04,$0.01,$1.45,379.38,0.921866707
6/1/2023,$0.04,-$0.03,$0.01,-$0.04,-$0.01,-$0.02,-$0.02,-$0.02,-$0.03,-$0.01,-$0.02,$0.04,-$0.04,-$0.01,$0.00,-$0.01,-$0.02,-$0.02,-$0.00,-$0.01,-$0.01,$1.44,388.08,0.93098901
9/1/2023,-$0.00,-$0.05,$0.01,-$0.01,-$0.01,$0.00,$0.00,-$0.06,-$0.00,$0.03,$0.01,-$0.05,-$0.01,-$0.00,$0.00,$0.02,$0.00,-$0.01,-$0.01,-$0.03,-$0.01,$1.43,387.86,0.930759765
10/1/2023,-$0.00,-$0.01,$0.01,-$0.03,-$0.00,-$0.01,-$0.03,$0.01,-$0.01,$0.00,$0.00,-$0.02,-$0.00,-$0.01,-$0.01,-$0.01,-$0.04,-$0.01,-$0.01,$0.01,-$0.01,$1.42,390.58,0.933588919
11/1/2023,-$0.02,-$0.01,-$0.03,-$0.06,-$0.03,-$0.01,$0.00,-$0.04,-$0.00,-$0.00,$0.01,-$0.01,-$0.02,-$0.03,$0.02,$0.02,$0.00,-$0.01,-$0.01,-$0.01,-$0.01,$1.41,395.52,0.938698799
12/1/2023,$0.00,-$0.02,-$0.01,-$0.00,$0.00,$0.00,-$0.03,-$0.00,-$0.01,-$0.01,$0.01,-$0.03,-$0.01,-$0.00,$0.00,-$0.02,-$0.01,-$0.04,-$0.02,-$0.00,-$0.01,$1.40,396.96,0.940181515
13/1/2023,-$0.01,-$0.00,-$0.00,-$0.03,-$0.01,-$0.02,-$0.00,$0.01,$0.00,-$0.00,-$0.01,-$0.02,$0.01,-$0.00,$0.01,-$0.00,-$0.01,$0.00,$0.00,$0.00,$0.00,$1.40,398.5,0.941763835
17/1/2023,-$0.01,-$0.01,-$0.00,$0.02,$0.01,$0.02,$0.01,-$0.07,$0.00,-$0.01,$0.00,-$0.05,$0.00,$0.01,-$0.01,$0.02,$0.02,-$0.01,-$0.01, $-   ,$0.00,$1.39,397.77,0.941014206
18/1/2023,$0.01,$0.01,$0.02,$0.01,$0.00,$0.03,$0.02,$0.02,$0.02,-$0.02,$0.03,$0.02,$0.02,$0.01,-$0.02,$0.02,-$0.00,$0.01,$0.04,$0.01,$0.01,$1.41,391.49,0.934532949
19/1/2023,-$0.00,$0.04,$0.02,$0.02,-$0.02,$0.01,-$0.02,$0.01,-$0.00,-$0.00,-$0.03,$0.04,$0.00,$0.04,$0.02,-$0.00,$0.03,-$0.00,$0.01,-$0.00,$0.01,$1.41,388.64,0.931572211
20/1/2023,-$0.02,-$0.03,-$0.04,-$0.04,-$0.05,-$0.00,-$0.02,-$0.05,-$0.02,-$0.00,$0.00,-$0.06,-$0.02,$0.01,-$0.00,$0.00,-$0.08,-$0.04,-$0.03,-$0.04,-$0.03,$1.39,395.88,0.939069764
23/1/2023,-$0.02,-$0.09,-$0.01,-$0.00,-$0.02,-$0.02,-$0.03,-$0.07,$0.00,-$0.00,-$0.01,-$0.07,-$0.01,-$0.00,$0.00,$0.01,-$0.04,-$0.02,-$0.01,-$0.02,-$0.02,$1.36,400.63,0.943946677
24/1/2023,-$0.01,$0.02,$0.00,$0.01,$0.02,-$0.01,$0.00,-$0.00,$0.00, $-   ,$0.01,-$0.00,-$0.00,-$0.01,-$0.01,-$0.02,-$0.02,-$0.00,-$0.00,$0.01,$0.00,$1.36,400.2,0.943506539
25/1/2023,$0.00,-$0.00,$0.01,-$0.01,$0.03,-$0.00,$0.01,-$0.00,-$0.00,$0.01,-$0.00,-$0.00,-$0.01,$0.00,-$0.00,$0.00,-$0.01,-$0.02,$0.01,$0.01,$0.00,$1.36,400.35,0.943660106
26/1/2023,-$0.01,-$0.00,-$0.03,-$0.02,-$0.02,-$0.01,-$0.04,-$0.10,$0.00,$0.00,-$0.00,-$0.02,$0.01,$0.01,$0.00,$0.00,$0.01,-$0.01,-$0.02,-$0.02,-$0.01,$1.35,404.75,0.948150333
27/1/2023,-$0.01,-$0.00,-$0.00,-$0.03,-$0.02,-$0.00,-$0.03,-$0.10,-$0.03,-$0.00,-$0.00,-$0.03,$0.01,-$0.01,$0.01,-$0.01,$0.01,$0.00,-$0.01,-$0.01,-$0.01,$1.34,405.68,0.949095863
30/1/2023,$0.02,$0.04,$0.02,$0.02,$0.02,$0.01,$0.03,$0.07,$0.01,-$0.04,$0.00,$0.06,$0.01,$0.01,$0.00,-$0.01,$0.02,$0.02,$0.03,$0.02,$0.02,$1.35,400.59,0.943905745
31/1/2023,-$0.01,-$0.04,-$0.02,-$0.03,-$0.02,-$0.01,-$0.01,-$0.04,-$0.00,$0.01,$0.01,-$0.02,$0.00,-$0.03,-$0.03,-$0.01,-$0.00,-$0.01,-$0.02,-$0.02,-$0.01,$1.34,406.48,0.949908242
1/2/2023,-$0.01,-$0.12,-$0.02,-$0.02,-$0.02,$0.00,-$0.03,-$0.05,-$0.00,$0.01,-$0.01,-$0.07,-$0.01,-$0.01,$0.00,-$0.00,-$0.02,-$0.01,-$0.02,-$0.04,-$0.02,$1.32,410.8,0.954279539
2/2/2023,-$0.04,-$0.04,-$0.05,-$0.07,-$0.07,$0.00,-$0.21,-$0.04,$0.01,$0.00,$0.01,-$0.04,-$0.00,-$0.04,$0.05,-$0.00,-$0.01,-$0.03,-$0.05,-$0.02,-$0.03,$1.29,416.78,0.960287848
3/2/2023,-$0.02,$0.03,$0.02,$0.09,$0.03,-$0.02,$0.01,-$0.01,-$0.00,$0.01,-$0.00,$0.03,$0.00,$0.02,$0.00,$0.01,$0.00,$0.02,$0.02,$0.03,$0.01,$1.30,412.35,0.955841601
6/2/2023,$0.02,$0.03,$0.01,$0.01,$0.02,-$0.01,$0.00,-$0.02,$0.00,$0.01,$0.01,$0.00,$0.00,$0.01,-$0.01,$0.01,$0.01,$0.01,$0.04,$0.01,$0.01,$1.31,409.83,0.953300293
7/2/2023,-$0.02,-$0.03,-$0.04,$0.00,-$0.05,-$0.01,-$0.03,-$0.01,-$0.01,-$0.00,$0.01,-$0.05,-$0.01,$0.01,-$0.00,$0.02,-$0.00,-$0.02,-$0.01,-$0.02,-$0.01,$1.29,415.19,0.958695107
8/2/2023,$0.02,$0.01,$0.00,$0.02,$0.08,$0.01,$0.04,-$0.02,$0.00,-$0.00,$0.01,-$0.00,$0.01,$0.01,-$0.01,$0.00,-$0.01,-$0.00,$0.04,$0.01,$0.01,$1.31,410.65,0.954128195
9/2/2023,$0.01,$0.02,$0.01,$0.02,$0.04,$0.02,$0.03,-$0.03,$0.00,$0.01,$0.01,-$0.01,-$0.00,$0.02,-$0.01,$0.02,$0.01,$0.01,$0.02,$0.01,$0.01,$1.32,407.09,0.950527074
10/2/2023,-$0.00,$0.02,$0.00,$0.01,$0.00,-$0.00,$0.02,$0.05,$0.01,$0.00,$0.01,$0.05,$0.01,-$0.00,-$0.02,-$0.01,$0.04,$0.02,-$0.03,$0.01,$0.01,$1.33,408.04,0.951489784
13/2/2023,-$0.02,-$0.02,-$0.03,-$0.02,-$0.00,-$0.01,-$0.03,$0.01,-$0.01,-$0.00,-$0.01,-$0.02,-$0.01,-$0.02,-$0.00,-$0.01,-$0.03,$0.00,$0.02,-$0.01,-$0.01,$1.31,412.83,0.956324663
14/2/2023,$0.00,-$0.03,-$0.00,-$0.00,-$0.00,-$0.00,-$0.00,-$0.07,-$0.00,$0.00,$0.01,-$0.05,$0.00,$0.02,$0.01,-$0.00,-$0.00, $-   ,$0.03,-$0.01,-$0.01,$1.31,412.64,0.956133489
15/2/2023,-$0.01,$0.01,$0.01,-$0.01,-$0.02,-$0.00,$0.01,-$0.02,$0.00,$0.02,$0.00,$0.01,$0.00,-$0.01,$0.00,-$0.00,-$0.00,-$0.01,-$0.01,$0.01,$0.00,$1.31,413.98,0.957480707
16/2/2023,$0.01,$0.06,$0.03,$0.03,$0.01,$0.01,$0.03,$0.06,$0.01,-$0.01,$0.01,$0.03,$0.01,-$0.00,$0.01,$0.01,$0.03,$0.03,$0.02,$0.03,$0.02,$1.33,408.28,0.951732794
17/2/2023,$0.01,$0.02,$0.02,$0.01,$0.01,-$0.00,-$0.00,-$0.03,$0.01,$0.01,-$0.02,$0.03,$0.02,$0.01,-$0.02,-$0.01,$0.01,$0.01,$0.03,$0.02,$0.01,$1.33,407.26,0.950699442
21/2/2023,$0.03,$0.02,$0.02,$0.03,$0.03,$0.02,$0.00,$0.05,$0.01,$0.02,$0.00,$0.03,-$0.01,$0.07,$0.02,$0.03,$0.03,$0.03,$0.01,$0.03,$0.02,$1.36,399.09,0.942369131
22/2/2023,-$0.00,$0.00,$0.00,-$0.01,$0.00,$0.01,$0.01,-$0.02,-$0.00,-$0.00,-$0.00,-$0.00,-$0.00,$0.00,$0.00,$0.00,$0.01,$0.00,$0.00,-$0.01,$0.00,$1.36,398.54,0.941804888
23/2/2023,-$0.00,-$0.04,-$0.01,-$0.00,$0.01,-$0.01,-$0.01,-$0.01,$0.01,-$0.00,$0.00,-$0.13,$0.00,$0.01,-$0.01,-$0.02,$0.03,-$0.00,$0.00,$0.00,-$0.01,$1.35,400.66,0.943977374
24/2/2023,$0.02,$0.02,$0.02,$0.02,$0.02,-$0.01,$0.01,$0.03,$0.01,-$0.01,$0.01,$0.02,-$0.01,-$0.01,$0.02,$0.01,-$0.02,$0.01,$0.02,$0.08,$0.01,$1.36,396.38,0.939584677
27/2/2023,-$0.01,-$0.01,-$0.00,-$0.00,$0.01,-$0.01,$0.01,-$0.05,$0.00,-$0.00,$0.00,-$0.01,$0.01,-$0.00,$0.00,$0.00,$0.02,$0.00,$0.00,$0.01,$0.00,$1.36,397.73,0.940973108
28/2/2023,$0.00,$0.00,$0.00,-$0.01,-$0.00,-$0.01,-$0.03,$0.01,$0.00,-$0.02,$0.01,$0.01,-$0.00,$0.00,$0.02,-$0.00,-$0.00,$0.01,-$0.00,$0.01,$0.00,$1.36,396.26,0.939461131
1/3/2023,$0.01,$0.00,$0.01,$0.02,-$0.00,$0.01,$0.01,$0.01,$0.01,-$0.00,$0.00,$0.02,-$0.01,-$0.02,$0.00,-$0.01,-$0.03,-$0.01,$0.00,-$0.00,$0.00,$1.36,394.74,0.937894386
2/3/2023,-$0.00,-$0.03,-$0.02,-$0.00,-$0.02,$0.01,-$0.01,$0.06,$0.00,-$0.00,-$0.02,-$0.03,$0.01,$0.01,-$0.01,$0.00,-$0.01,$0.00,-$0.00,$0.03,$0.00,$1.36,397.81,0.941055302
3/3/2023,-$0.03,-$0.01,-$0.02,-$0.03,-$0.02,-$0.02,-$0.06,-$0.04,$0.02,$0.01,-$0.01,-$0.02,-$0.02,$0.02,-$0.00,-$0.00,$0.01,$0.02,-$0.03,-$0.03,-$0.01,$1.35,404.19,0.947580388
6/3/2023,-$0.02,$0.00,-$0.01,$0.01,-$0.02,$0.01,$0.00,$0.02,-$0.01,-$0.01,$0.00,$0.01,-$0.01,$0.00,-$0.00,-$0.00,-$0.01,$0.00,-$0.01,-$0.01,$0.00,$1.35,404.47,0.947865416
7/3/2023,$0.01,-$0.01,$0.01,$0.00,$0.01,$0.03,$0.00,$0.03,$0.02,$0.01,$0.02,$0.01,$0.02,$0.03,$0.01,-$0.01,-$0.01,$0.02,$0.02,$0.01,$0.01,$1.36,398.27,0.941527734
8/3/2023,-$0.01,-$0.04,$0.00,-$0.00,-$0.00,-$0.01,-$0.00,$0.03,$0.00,$0.01,-$0.00,-$0.04,$0.00,-$0.00,$0.01,-$0.01,$0.01,-$0.00,-$0.01,-$0.00,$0.00,$1.35,398.92,0.942194776
9/3/2023,$0.02,$0.02,$0.01,$0.02,$0.02,-$0.06,$0.02,$0.05,$0.01,$0.01,$0.01,$0.03,$0.01,$0.01,-$0.01,-$0.03,$0.05,$0.03,-$0.00,$0.02,$0.01,$1.37,391.56,0.934605515
10/3/2023,$0.01,$0.02,$0.01,$0.02,$0.02,$0.03,$0.01,$0.00,$0.02,$0.00,$0.00,$0.02,$0.02,$0.01,-$0.01,$0.00,-$0.02,-$0.03,$0.03,$0.03,$0.01,$1.38,385.91,0.928724597
13/3/2023,-$0.01,$0.01,-$0.02,-$0.02,-$0.01,-$0.02,-$0.01,$0.01,-$0.01,-$0.01,-$0.01,$0.00,-$0.01,-$0.00,$0.01,-$0.00,$0.00,-$0.01,$0.01,$0.02,$0.00,$1.37,385.36,0.928149524
14/3/2023,-$0.01,-$0.06,-$0.03,-$0.03,-$0.03,$0.03,-$0.07,$0.05,$0.02,-$0.01,-$0.01,-$0.05,$0.02,$0.00,$0.00,$0.01,$0.00,$0.01,-$0.01,-$0.03,-$0.01,$1.36,391.73,0.934781716
15/3/2023,-$0.00,-$0.03,-$0.02,-$0.01,-$0.02,-$0.05,-$0.02,$0.02,$0.01,-$0.00,-$0.01,-$0.01,$0.01,-$0.01,-$0.00,-$0.00,-$0.03,-$0.00,-$0.01,-$0.00,-$0.01,$1.35,389.28,0.932238145
16/3/2023,-$0.02,-$0.07,-$0.04,-$0.04,-$0.04,$0.02,-$0.04,-$0.02,-$0.01,$0.00,-$0.01,-$0.05,$0.00,$0.00,-$0.01,$0.01,-$0.02,$0.01,-$0.01,-$0.06,-$0.02,$1.33,396.11,0.93930667
17/3/2023,$0.01,-$0.01,-$0.01,$0.01,-$0.01,-$0.04,$0.05,$0.02,$0.00,$0.01,-$0.00,-$0.01,-$0.00,-$0.01,$0.01,$0.01,$0.02,$0.01,$0.02,-$0.01,$0.00,$1.34,389.99,0.932976191
20/3/2023,-$0.02,$0.01,$0.03,$0.01,$0.00,$0.01,-$0.01,-$0.02,-$0.00,-$0.01,-$0.02,-$0.01,$0.00,-$0.00,-$0.02,-$0.02,-$0.01,-$0.01,-$0.00,-$0.01,$0.00,$1.33,393.74,0.936861771
21/3/2023,-$0.01,$0.01,-$0.01,-$0.03,-$0.04,$0.03,-$0.02,-$0.08,-$0.02, $-   ,$0.01,-$0.01,-$0.01,-$0.00,-$0.01,-$0.01,-$0.00,-$0.02,-$0.05,-$0.03,-$0.02,$1.32,398.91,0.942184518
22/3/2023,$0.01,-$0.02,$0.01,$0.02,$0.01,$0.03,$0.01,$0.03,$0.01,$0.02,$0.00,-$0.01,$0.01,$0.02,$0.01,$0.01,$0.04,$0.02,$0.03,$0.03,$0.01,$1.33,392.11,0.935175423
23/3/2023,-$0.01,-$0.03,-$0.02,-$0.00,-$0.02,-$0.00,-$0.02,-$0.01,-$0.01,-$0.00,$0.00,-$0.03,-$0.01,-$0.00,$0.01,-$0.00,-$0.09,-$0.01,$0.02,-$0.02,-$0.01,$1.32,393.17,0.936272516
24/3/2023,-$0.01,$0.02,-$0.01,$0.01,$0.00,-$0.02,-$0.01,$0.01,$0.01,-$0.01,-$0.02,$0.02,$0.01,$0.00,-$0.01,-$0.01,-$0.02,$0.02,-$0.02,-$0.02,$0.00,$1.32,395.75,0.938935827
27/3/2023,$0.01,$0.01,$0.02,$0.00,$0.03,$0.03,$0.02,-$0.01,-$0.00,-$0.00,$0.01,$0.01,-$0.01,$0.01,-$0.01,-$0.01,$0.00,-$0.02,$0.01,$0.00,$0.00,$1.32,396.49,0.939697908
28/3/2023,$0.00,$0.02,$0.00,$0.01,$0.01,-$0.00,$0.01,$0.01,$0.01,$0.01,-$0.00,$0.00,$0.00,$0.00,$0.02,$0.00,$0.01,$0.01,$0.01,-$0.00,$0.01,$1.33,395.6,0.938781252
29/3/2023,-$0.02,-$0.02,-$0.02,-$0.03,-$0.00,-$0.00,-$0.02,-$0.02,-$0.01,-$0.01,-$0.00,-$0.02,-$0.01,-$0.01,$0.01,-$0.01,-$0.03,-$0.02,-$0.02,-$0.02,-$0.01,$1.31,401.35,0.944683054
30/3/2023,-$0.01,-$0.02,-$0.01,-$0.02,$0.00,$0.00,-$0.01,-$0.01,$0.00,-$0.00,-$0.00,-$0.01,$0.00,-$0.01,-$0.01,-$0.00,-$0.02,-$0.01,-$0.00,-$0.01,-$0.01,$1.31,403.7,0.94708132
31/3/2023,-$0.02,-$0.00,-$0.01,-$0.01,-$0.03,-$0.01,-$0.02,-$0.06,-$0.01,-$0.01,-$0.01,-$0.01,-$0.01,-$0.03,-$0.01,-$0.01,-$0.02,-$0.02,-$0.02,-$0.01,-$0.02,$1.29,409.39,0.952855667
3/4/2023,-$0.01,$0.01,$0.00,$0.01,-$0.01,$0.00,-$0.01,$0.06,-$0.02,-$0.01,-$0.01,-$0.01,-$0.01,-$0.01,-$0.04,-$0.01,-$0.01,$0.00,$0.01,$0.01,$0.00,$1.29,410.95,0.954430852
4/4/2023,$0.00,$0.01,$0.00,-$0.01,-$0.00,$0.01,-$0.01,$0.01,$0.01,-$0.01,-$0.00,$0.02,$0.01,$0.01,$0.00,-$0.01,$0.00,$0.00,$0.00,-$0.01,$0.00,$1.29,408.67,0.952127514
5/4/2023,$0.01,$0.04,$0.01,$0.03,$0.00,$0.01,$0.02,$0.04,-$0.00,-$0.04,-$0.01,$0.02,$0.00,$0.02,-$0.03,-$0.01,$0.01,-$0.00,$0.02,$0.01,$0.01,$1.30,407.6,0.951044055
6/4/2023,-$0.01,$0.00,-$0.03,-$0.01,-$0.04,$0.00,-$0.02,$0.00,$0.01,$0.00,-$0.01,-$0.01,$0.01,$0.00,-$0.01,$0.02,$0.01,-$0.00,-$0.02,$0.00,$0.00,$1.29,409.19,0.952653475
10/4/2023,$0.02,-$0.03,$0.01,-$0.00,$0.02,-$0.00,$0.01,$0.00,-$0.00,$0.01,$0.01,-$0.02,$0.00,-$0.01,-$0.00,$0.00,$0.00,-$0.01,$0.01,$0.01,$0.00,$1.29,409.61,0.953078014
11/4/2023,$0.01,$0.02,$0.02,$0.02,$0.01,-$0.00,$0.00,-$0.01,-$0.01,$0.00,$0.00,$0.02,-$0.01,-$0.01,-$0.01,-$0.00,$0.00,$0.00,$0.01,$0.01,$0.00,$1.30,409.72,0.953189162
12/4/2023,$0.00,$0.02,-$0.00,$0.02,$0.01,$0.00,-$0.00,$0.03,$0.00,$0.00,-$0.00,$0.03,$0.01,$0.01,-$0.00,$0.01,$0.02,$0.03,$0.00,$0.00,$0.01,$1.31,408.05,0.951499911
13/4/2023,-$0.03,$0.00,-$0.02,-$0.05,-$0.03,-$0.00,-$0.03,-$0.03,-$0.02,-$0.01,-$0.00,$0.00,-$0.02,-$0.01,-$0.01,-$0.00,-$0.04,-$0.03,-$0.03,-$0.02,-$0.02,$1.29,413.47,0.956968251
14/4/2023,$0.00,$0.00,$0.01,-$0.00,-$0.01,-$0.07,-$0.01,$0.00,-$0.01,$0.00,$0.01,-$0.01,-$0.01,-$0.00,$0.03,$0.00,$0.02,$0.01,-$0.01,-$0.00,$0.00,$1.28,412.46,0.955952331
17/4/2023,-$0.00,$0.02,-$0.01,-$0.00,$0.03,-$0.01,$0.01,-$0.01,$0.00,$0.00,-$0.00,-$0.01,-$0.00,-$0.01,$0.01,-$0.01,$0.02,-$0.00,-$0.01,$0.00,$0.00,$1.29,413.94,0.957440527
18/4/2023,-$0.01,$0.00,$0.00,$0.00,$0.01,-$0.01,$0.00,$0.01,-$0.00,$0.03,-$0.00,-$0.02,$0.00,-$0.01,$0.00,$0.01,-$0.00,-$0.01,$0.01,$0.00,$0.00,$1.29,414.21,0.957711698
19/4/2023,-$0.01,-$0.00,-$0.00,-$0.02,$0.00,$0.00,$0.01,$0.02,$0.00,-$0.01,-$0.00,-$0.01,-$0.00,$0.01,$0.04,$0.01,$0.03,$0.02,$0.01,-$0.01,$0.01,$1.29,414.14,0.957641404
20/4/2023,$0.01,-$0.00,$0.01,$0.00,-$0.01,$0.00,$0.01,$0.10,-$0.01,-$0.01,$0.00,$0.03,-$0.01,-$0.01,-$0.00,$0.04,-$0.01,$0.01,$0.02,-$0.00,$0.01,$1.30,411.88,0.955368295
21/4/2023,$0.01,$0.02,$0.00,-$0.03,-$0.00,$0.00,$0.00,$0.01,$0.00,$0.01,-$0.03,-$0.00,-$0.00,-$0.00,$0.01,-$0.00,-$0.01,-$0.02,-$0.01,$0.01,$0.00,$1.30,412.2,0.955690579
24/4/2023,-$0.00,-$0.01,$0.01,$0.01,-$0.01,-$0.00,$0.00,-$0.02,$0.01,-$0.01,-$0.00,$0.00,$0.00,-$0.01,-$0.01,$0.01,-$0.00,-$0.00,-$0.00,$0.00,$0.00,$1.30,412.63,0.956123426
25/4/2023,$0.01,-$0.04,$0.02,$0.03,$0.02,$0.02,$0.02,-$0.01,$0.01,-$0.01,-$0.00,$0.03,$0.02,$0.02,-$0.01,-$0.01,$0.02,$0.02,$0.03,$0.02,$0.01,$1.31,406.08,0.949502166
26/4/2023,$0.00,$0.03,-$0.07,-$0.02,$0.00,$0.02,-$0.01,-$0.04,$0.01,$0.02,$0.01,-$0.03,$0.00,$0.03,$0.02,$0.01,$0.00,$0.01,$0.00,$0.02,$0.00,$1.31,404.36,0.947753454
27/4/2023,-$0.03,$0.02,-$0.03,-$0.05,-$0.04,-$0.01,-$0.13,$0.04,-$0.00,-$0.00,-$0.01,-$0.01,-$0.02,-$0.02,-$0.02,-$0.05,-$0.01,-$0.03,$0.03,$0.02,-$0.02,$1.29,412.41,0.955902001
28/4/2023,-$0.01,-$0.02,-$0.01,$0.04,$0.00,-$0.01,-$0.01,$0.03,-$0.02,-$0.00,$0.00,-$0.02,-$0.02,-$0.02,-$0.00,-$0.00,-$0.01,-$0.03,-$0.02,-$0.02,-$0.01,$1.29,415.93,0.959436811
1/5/2023,$0.00,-$0.00,$0.01,$0.03,$0.00,-$0.02,-$0.01,$0.02,$0.00,$0.00,-$0.00,-$0.04,$0.00,$0.01,-$0.01,$0.00,$0.02,$0.00,$0.01,$0.01,$0.00,$1.29,415.51,0.959015935
2/5/2023,$0.01,-$0.00,$0.00,-$0.02,$0.02,$0.02,$0.02,$0.01,$0.02,-$0.01,$0.00,$0.02,$0.01,$0.01,$0.00,$0.03,$0.02,$0.02,$0.04,$0.01,$0.01,$1.30,410.84,0.954319892
3/5/2023,$0.01,$0.10,$0.00,-$0.00,-$0.00,$0.02,$0.01,-$0.00,$0.00,$0.01,$0.00,$0.01,$0.00,$0.00,$0.01,-$0.01,$0.01,-$0.00,$0.01,$0.07,$0.01,$1.31,408.02,0.95146953
4/5/2023,$0.01,$0.06,-$0.00,-$0.00,$0.01,$0.01,$0.01,-$0.00,$0.00,$0.00,$0.00,$0.01,-$0.00,$0.03,$0.00,$0.02,-$0.00,$0.03,$0.01,-$0.03,$0.01,$1.32,405.13,0.948536827
5/5/2023,-$0.05,-$0.04,-$0.02,-$0.02,-$0.01,-$0.02,$0.00,-$0.05,-$0.03,-$0.00,-$0.00,-$0.04,-$0.02,-$0.01,-$0.01,-$0.01,-$0.01,-$0.03,$0.04,$0.04,-$0.01,$1.30,412.63,0.956123426
8/5/2023,$0.00,-$0.06,$0.01,-$0.00,-$0.02,-$0.00,-$0.00,-$0.01,-$0.00,$0.00,$0.00,-$0.02,-$0.00,$0.01,$0.00, $-   ,-$0.03,-$0.02,-$0.01,-$0.01,-$0.01,$1.30,412.74,0.956234113
9/5/2023,$0.01,-$0.00,$0.01,-$0.01,$0.00,$0.00,-$0.00,$0.02,-$0.00,$0.01,$0.01,$0.02,$0.01,-$0.01,$0.00,$0.01,-$0.00,$0.01,$0.14,-$0.00,$0.01,$1.31,410.93,0.954410678
10/5/2023,-$0.01,-$0.02,-$0.02,-$0.03,-$0.04,-$0.00,$0.00,$0.00,$0.01,-$0.00,-$0.00,-$0.01,$0.00,$0.01,$0.00,-$0.00,-$0.01,$0.01,-$0.04,$0.00,-$0.01,$1.30,412.85,0.956344783
11/5/2023,-$0.00,-$0.00,$0.01,-$0.02,-$0.04,$0.00,-$0.01,-$0.02,$0.00,$0.00,-$0.00,$0.01,-$0.00,$0.00,$0.00,$0.00,-$0.03,$0.09,$0.01,-$0.01,$0.00,$1.30,412.13,0.955620091
12/5/2023,$0.01,$0.02,$0.00,$0.02,-$0.01,$0.01,$0.01,$0.02,-$0.00,$0.00,-$0.01,$0.01,$0.00,-$0.01,-$0.01,$0.00,$0.01,-$0.00,-$0.04,-$0.02,$0.00,$1.30,411.59,0.955076102
15/5/2023,$0.00,-$0.02,-$0.00,-$0.01,$0.01,-$0.01,-$0.02,$0.01,-$0.01,$0.01,-$0.00,-$0.02,-$0.00,$0.01,$0.01,$0.02,$0.01,$0.01,$0.01,$0.03,$0.00,$1.30,413.01,0.956505729
16/5/2023, $-   ,-$0.04,-$0.01,-$0.02,-$0.03,$0.01,$0.00,-$0.00,$0.01,-$0.00,$0.00,-$0.01,$0.01,$0.02,$0.01,-$0.02,$0.01,-$0.02,-$0.02,$0.00,$0.00,$1.30,410.25,0.953724457
17/5/2023,-$0.00,-$0.02,-$0.01,-$0.02,-$0.01,-$0.03,-$0.02,-$0.04,-$0.01,-$0.00,$0.00,-$0.03,-$0.02,$0.04,-$0.01,$0.00,-$0.02,$0.02,$0.01,-$0.03,-$0.01,$1.29,415.23,0.958735218
18/5/2023,-$0.01,-$0.04,-$0.01,-$0.02,-$0.02,-$0.01,-$0.02,-$0.02,-$0.00,-$0.00,$0.02,-$0.05,-$0.01,-$0.01,$0.01,-$0.00,-$0.09,$0.01,-$0.00,-$0.01,-$0.01,$1.27,419.23,0.962735358
19/5/2023,-$0.00,$0.02,$0.00,$0.02,$0.00,$0.00,$0.00,-$0.02,$0.00,$0.00,-$0.00,$0.01,$0.02,$0.01,$0.00,-$0.00,$0.02,$0.03,-$0.01,-$0.03,$0.00,$1.28,418.62,0.962126736
22/5/2023,$0.01,-$0.02,-$0.01,$0.01,-$0.02,$0.01,-$0.01,-$0.05,$0.01,-$0.01,$0.03,$0.00,$0.00,$0.00,-$0.00,-$0.00,$0.01,$0.01,$0.03,-$0.00,$0.00,$1.28,418.79,0.962296403
23/5/2023,$0.02,-$0.00,$0.02,$0.00,$0.02,$0.01,$0.01,$0.02,$0.03,-$0.00,-$0.01,$0.02,$0.03,-$0.01,$0.00,$0.01,$0.02,-$0.02,$0.02,$0.00,$0.01,$1.28,414.09,0.95759119
24/5/2023,-$0.00,-$0.00,$0.00,-$0.02,$0.01,$0.01,-$0.01,$0.02,-$0.01,-$0.00,-$0.01,$0.00,$0.01,$0.01,-$0.00,$0.01,-$0.02,-$0.01,$0.00,$0.01,$0.00,$1.29,411.09,0.954572049
25/5/2023,-$0.01,-$0.11,-$0.04,$0.02,-$0.02,-$0.00,-$0.01,-$0.01,$0.01,-$0.01,-$0.01,-$0.22,$0.00,$0.02,$0.01,-$0.03,$0.02,-$0.01,$0.04,-$0.07,-$0.02,$1.26,414.65,0.958153391
26/5/2023,-$0.01,-$0.05,-$0.02,-$0.04,-$0.01,-$0.01,-$0.04,-$0.05,$0.01,-$0.00,$0.00,-$0.03,-$0.01,-$0.02,$0.01,$0.01,-$0.05,$0.00,-$0.01,-$0.06,-$0.02,$1.24,420.02,0.963522829
30/5/2023,-$0.01,$0.01,$0.01,-$0.01,$0.01,-$0.00,-$0.00,-$0.04,$0.02,$0.00,-$0.02,-$0.03,$0.02,$0.00,$0.00,-$0.00,-$0.04,-$0.01,-$0.03,-$0.00,-$0.01,$1.24,420.18,0.963682215
31/5/2023,$0.00,$0.06,$0.01,$0.01,$0.01,$0.01,-$0.01,-$0.01,-$0.00,$0.00,-$0.00,$0.06,-$0.01,$0.03,-$0.02,$0.02,-$0.01,$0.00,$0.00,-$0.00,$0.01,$1.24,417.85,0.961357759
1/6/2023,-$0.02,-$0.01,-$0.01,-$0.02,-$0.01,-$0.01,-$0.03,-$0.02,$0.02,-$0.00,$0.01,-$0.05,$0.02,$0.02,-$0.01,-$0.00,-$0.02,-$0.01,-$0.02,-$0.02,-$0.01,$1.24,421.82,0.965313944
2/6/2023,-$0.00,$0.01,-$0.01,-$0.01,-$0.01,-$0.02, $-   ,-$0.03,-$0.01,$0.02,$0.02,$0.01,-$0.01,-$0.03,-$0.01,$0.03,$0.01,-$0.02,-$0.01,-$0.02,-$0.01,$1.23,427.92,0.971351884
5/6/2023,$0.01,-$0.00,-$0.00,-$0.01,-$0.01,$0.01,$0.00,-$0.02,$0.01,-$0.01,$0.00,$0.00,$0.01,$0.01,$0.00,-$0.00,-$0.01,-$0.00,-$0.01,$0.01,$0.00,$1.23,427.1,0.970543072
6/6/2023,$0.00,-$0.05,$0.01,-$0.01,-$0.01,-$0.00,$0.00,-$0.02,-$0.01,$0.00,$0.01,$0.01,-$0.03,-$0.01,$0.02,$0.01,$0.01,-$0.01,-$0.01,$0.00,$0.00,$1.23,428.03,0.971460316
7/6/2023,$0.01,$0.05,$0.03,$0.04,$0.04,-$0.01,$0.03,-$0.01,$0.01,-$0.00,-$0.00,$0.03,$0.02,-$0.02,$0.01,-$0.02,-$0.00,-$0.00,$0.02,$0.03,$0.01,$1.24,426.55,0.970000083
8/6/2023,-$0.02,-$0.03,-$0.01,-$0.02,$0.00,-$0.00,-$0.00,-$0.04,$0.01,-$0.01,-$0.01,-$0.03,$0.01,$0.00,-$0.02,-$0.00,-$0.02,-$0.00,-$0.00,-$0.05,-$0.01,$1.23,429.13,0.972543775
9/6/2023,-$0.00,-$0.03,-$0.00,$0.01,-$0.00,-$0.00,-$0.00,-$0.04,-$0.00,$0.00,-$0.00,-$0.01,-$0.00,$0.01,-$0.01,-$0.00,-$0.03,$0.01,$0.01,-$0.03,-$0.01,$1.22,429.9,0.973301262
12/6/2023,-$0.02,-$0.03,-$0.02,-$0.03,-$0.01,$0.00,-$0.02,-$0.02,-$0.01,$0.00,$0.01,-$0.02,-$0.02,-$0.01,$0.00,-$0.00,-$0.01,-$0.01,-$0.00,-$0.04,-$0.01,$1.21,433.8,0.977126145
13/6/2023,$0.00,$0.04,-$0.01,-$0.00,-$0.00,-$0.01,-$0.00,-$0.03,$0.01,-$0.01,$0.00,-$0.04,$0.01,$0.00,$0.00,$0.00,-$0.03,-$0.01,$0.00,-$0.01,$0.00,$1.20,436.66,0.979918712
14/6/2023,-$0.00,-$0.02,-$0.01,$0.00,$0.00,$0.00,-$0.01,$0.01,-$0.00,-$0.01,-$0.01,-$0.05,-$0.01,$0.00,$0.07,-$0.01,-$0.01,$0.02,-$0.00,-$0.00,$0.00,$1.20,437.18,0.980425339
15/6/2023,-$0.01,$0.02,-$0.03,-$0.01,-$0.01,-$0.01,-$0.03,$0.00,-$0.01,-$0.01,-$0.01,$0.01,-$0.01,-$0.01,$0.01,-$0.02,-$0.01,-$0.01,-$0.03,-$0.02,-$0.01,$1.19,442.6,0.985685778
16/6/2023,$0.01,$0.03,$0.02,$0.01,$0.01,-$0.00,$0.00,-$0.02,-$0.01,-$0.00,-$0.01,-$0.00,$0.01,$0.01,-$0.02,-$0.00,$0.03,$0.02,-$0.01,-$0.01,$0.00,$1.20,439.46,0.982642688
20/6/2023,-$0.00,$0.01,$0.01,-$0.00,$0.00,$0.01,-$0.01,-$0.05,$0.01,$0.00,$0.01,-$0.03,$0.01,-$0.00,$0.02,$0.02,-$0.01,$0.02,-$0.04,$0.02,$0.00,$1.20,437.18,0.980425339
21/6/2023,$0.01,$0.06,$0.01,$0.01,$0.02,$0.00,$0.01,$0.06,-$0.00,$0.00,-$0.01,$0.02,-$0.00,$0.00,-$0.02,-$0.00,$0.02,$0.01,$0.01,$0.02,$0.01,$1.21,434.94,0.978240511
22/6/2023,-$0.02,$0.01,-$0.02,-$0.04,-$0.02,$0.02,-$0.01,-$0.02,-$0.01,-$0.01,-$0.00,$0.00,-$0.00,-$0.00,-$0.00,-$0.00,$0.00,$0.00,-$0.01,-$0.00,-$0.01,$1.20,436.51,0.979772507
23/6/2023,$0.00,$0.01,$0.01,$0.01,$0.01,$0.01,-$0.01,$0.03,-$0.01,$0.00,$0.01,$0.02,-$0.01,$0.00,$0.00,$0.01,-$0.00,$0.00,$0.02,-$0.01,$0.01,$1.21,433.21,0.976548762
26/6/2023,$0.01,$0.02,$0.02,$0.02,$0.03,-$0.00,$0.04,$0.06,$0.01,$0.01,-$0.00,$0.04,$0.01,-$0.02,-$0.00,-$0.02,$0.02,-$0.01,$0.01,$0.01,$0.01,$1.22,431.44,0.974813936
27/6/2023,-$0.01,-$0.03,-$0.02,-$0.01,-$0.00,-$0.00,-$0.03,-$0.04,-$0.00,$0.00,-$0.01,-$0.03,-$0.01,-$0.02,-$0.01,-$0.01,-$0.00,-$0.00,$0.00,-$0.02,-$0.01,$1.21,436.17,0.979441002
28/6/2023,-$0.01,$0.00,-$0.00,$0.00,$0.02,$0.00,$0.01,-$0.02,-$0.00,$0.00,$0.00,$0.02,$0.00,$0.02,$0.02,-$0.01,-$0.03,$0.00,$0.00,$0.01,$0.00,$1.21,436.39,0.979655521
29/6/2023,-$0.00,-$0.01,$0.00,$0.01,$0.01,-$0.03,$0.01,-$0.00,-$0.03,-$0.01,$0.00,$0.01,-$0.02,-$0.00,-$0.00,-$0.00,$0.00,-$0.00,$0.00,-$0.00,$0.00,$1.20,438.11,0.981330572
30/6/2023,-$0.02,-$0.02,-$0.02,-$0.02,$0.01,-$0.01,-$0.02,-$0.02,-$0.01,-$0.01,-$0.02,-$0.04,-$0.01,-$0.01,-$0.01,-$0.01,-$0.03,-$0.00,-$0.01,-$0.01,-$0.01,$1.19,443.28,0.986343181
3/7/2023,$0.01,-$0.02,$0.01,$0.00,-$0.00,-$0.01,$0.00,-$0.07,-$0.00,$0.01,-$0.01,-$0.00,-$0.00,$0.00,$0.01,-$0.00,-$0.00,-$0.01,-$0.02,$0.01,$0.00,$1.18,443.79,0.986835859
5/7/2023,$0.01,$0.02,-$0.00,-$0.00,-$0.02,$0.01,-$0.03,-$0.01,-$0.01,$0.00,$0.00,$0.00,-$0.00,-$0.00,$0.01,-$0.01,-$0.01,$0.01,-$0.01,-$0.00,$0.00,$1.18,443.13,0.986198215
6/7/2023,-$0.00,$0.00,-$0.01,$0.02,$0.01,$0.01,$0.01,$0.02,$0.00,$0.01,$0.00,$0.01,$0.00,$0.03,$0.00,$0.01,$0.02,$0.01,$0.04,$0.01,$0.01,$1.19,439.66,0.982836881
7/7/2023,$0.01,$0.00,$0.01,-$0.01,$0.01,-$0.01,$0.01,$0.01,$0.01,$0.01,$0.02,-$0.01,$0.01,-$0.00,$0.02,$0.03,$0.00,$0.00,-$0.01,-$0.01,$0.01,$1.20,438.55,0.981758476
10/7/2023,$0.01,-$0.00,$0.02,$0.02,$0.03,-$0.01,-$0.01,$0.02,-$0.01,-$0.00,-$0.00,$0.01,-$0.01,-$0.02,$0.00,$0.02,-$0.01,$0.01,-$0.04,-$0.02,$0.00,$1.20,439.66,0.982836881
11/7/2023,$0.00,$0.02,-$0.00,-$0.01,$0.01,-$0.02,-$0.01,-$0.00,-$0.01,$0.01,$0.01,-$0.01,-$0.01,-$0.01,$0.00,$0.00,$0.00,-$0.02,-$0.02,-$0.02,$0.00,$1.19,442.46,0.98555036
12/7/2023,-$0.01,-$0.03,-$0.01,-$0.02,$0.02,-$0.00,-$0.04,-$0.01,-$0.01,$0.00,-$0.01,-$0.03,-$0.01,-$0.01,$0.02,$0.00,-$0.01,-$0.01,$0.00,-$0.01,-$0.01,$1.19,446.02,0.988986365
13/7/2023,-$0.00,-$0.01,-$0.02,-$0.03,-$0.05,-$0.00,-$0.01,-$0.02,-$0.00,-$0.00,-$0.00,-$0.05,$0.00,$0.01,-$0.01,$0.01,-$0.01,-$0.00,-$0.03,-$0.02,-$0.01,$1.17,449.56,0.992387716
14/7/2023,-$0.00,-$0.00,-$0.01,-$0.00,-$0.01,-$0.01,$0.01,-$0.01,$0.00,-$0.01,-$0.01,$0.01,-$0.00,-$0.01,$0.07,$0.02,$0.02,$0.02,$0.00,$0.00,$0.01,$1.18,449.28,0.992119236
17/7/2023,-$0.02,-$0.02,-$0.00,$0.01,$0.01,-$0.02,-$0.01,-$0.03,-$0.00,$0.01,$0.01,-$0.02,$0.00,$0.00,-$0.01,-$0.08,-$0.02,$0.04,-$0.02,-$0.01,-$0.01,$1.17,450.84,0.993613852
18/7/2023,$0.00,$0.00,-$0.04,$0.01,$0.01,-$0.00,-$0.00,-$0.01,$0.01,$0.00,-$0.00,-$0.02,$0.01,-$0.00,-$0.03,$0.03,-$0.05,$0.00,-$0.01,-$0.02,-$0.01,$1.16,454.19,0.996813588
19/7/2023,-$0.01,$0.01,$0.01,-$0.02,$0.01,-$0.00,-$0.01,$0.01,-$0.00,$0.00,-$0.01,$0.01,-$0.00,-$0.01,-$0.01,$0.05,-$0.01,$0.01,$0.00,$0.01,$0.00,$1.16,455.2,0.997775663
20/7/2023,$0.01,$0.05,$0.02,$0.04,$0.02,-$0.01,$0.04,$0.10,$0.01,-$0.06,-$0.00,$0.03,$0.00,$0.00,-$0.00,$0.01,$0.09,$0.01,$0.02,$0.02,$0.02,$1.18,452.18,0.994895355
21/7/2023,$0.01,-$0.01,$0.01,-$0.00,-$0.01,$0.01,$0.03,$0.01,$0.00,-$0.01,-$0.02,$0.03,$0.00,-$0.00,-$0.00,-$0.01,$0.02,$0.01,$0.00,-$0.01,$0.00,$1.19,452.18,0.994895355
24/7/2023,-$0.00,$0.00,-$0.00,$0.01,-$0.01,-$0.02,$0.01,-$0.03,-$0.01,-$0.01,-$0.00,-$0.01,-$0.02,-$0.01,-$0.00,-$0.00,-$0.00,$0.01,-$0.01,-$0.01,-$0.01,$1.18,454.2,0.996823119
25/7/2023,-$0.00,-$0.02,-$0.02,-$0.00,-$0.01,$0.01,-$0.01,$0.01,$0.01,-$0.01,-$0.00,-$0.02,$0.01,-$0.00,-$0.00,-$0.01,$0.00,$0.01,$0.01,-$0.00,$0.00,$1.18,455.44,0.998004097
26/7/2023,-$0.00,$0.03,$0.04,$0.01,-$0.06,-$0.01,-$0.01,$0.00,$0.01,-$0.00,-$0.00,$0.01,-$0.00,-$0.01,$0.01,-$0.00,$0.01,$0.00,-$0.01,$0.02,$0.00,$1.18,455.51,0.998070711
27/7/2023,$0.01,-$0.01,$0.02,-$0.00,-$0.00,$0.01,-$0.04,$0.03,$0.01,-$0.01,$0.01,-$0.01,$0.02,-$0.00,$0.01,$0.02,$0.02,$0.01,$0.02,$0.00,$0.01,$1.19,452.49,0.995191516
28/7/2023,-$0.01,-$0.02,-$0.02,-$0.03,-$0.02,-$0.01,-$0.04,-$0.04,-$0.01,-$0.00,-$0.03,-$0.02,$0.00,-$0.01,$0.00,-$0.01,$0.03,$0.01,-$0.03,-$0.03,-$0.01,$1.17,456.92,0.999411274
31/7/2023,-$0.00,-$0.01,$0.01,-$0.01,-$0.00,-$0.01,$0.02,-$0.00,-$0.01,$0.04,$0.00,$0.00,-$0.00,-$0.01,-$0.01,-$0.00,-$0.03,-$0.03,-$0.02,-$0.03,-$0.01,$1.17,457.79,1.000237262
1/8/2023,$0.00,-$0.03,-$0.00,$0.02,$0.01,$0.01,-$0.01,$0.02,-$0.01,-$0.01,$0.00,$0.00,-$0.01,$0.01,$0.00,$0.02,$0.00,-$0.00,$0.00,-$0.01,$0.00,$1.17,456.48,0.998993194
2/8/2023,$0.02,$0.07,$0.03,$0.03,$0.02,$0.01,$0.03,$0.03,$0.01,-$0.01,-$0.00,$0.05,$0.02,$0.01,-$0.00,$0.00,$0.02,$0.03,$0.03,$0.03,$0.02,$1.19,450.13,0.992933973
3/8/2023,$0.01,-$0.03,-$0.00,-$0.01,-$0.00,-$0.01,$0.00,-$0.02,-$0.01,-$0.00,-$0.00,-$0.01,-$0.01,-$0.00,-$0.00,$0.01,-$0.00,$0.01,$0.13,$0.01,$0.00,$1.19,448.84,0.991697147
4/8/2023,$0.05,-$0.02,$0.00,-$0.08,$0.00,$0.00,$0.01,$0.02,-$0.00,$0.01,$0.01,-$0.00,$0.00,$0.01,$0.00,$0.01,-$0.00,-$0.01,-$0.02,-$0.01,$0.00,$1.19,446.81,0.989746743
7/8/2023,-$0.02,-$0.01,-$0.01,-$0.02,-$0.03,-$0.00,-$0.02,$0.01,-$0.01,-$0.02,-$0.01,-$0.02,-$0.01,-$0.01,-$0.02,$0.00,-$0.02,-$0.01,$0.03,-$0.01,-$0.01,$1.18,450.71,0.993489412
8/8/2023,$0.01,$0.03,$0.01,$0.02,$0.00,$0.01,$0.01,$0.01,$0.01,-$0.00,-$0.00,$0.02,$0.01,$0.00,$0.01,-$0.00,$0.01,-$0.01,-$0.02,$0.02,$0.01,$1.19,448.75,0.991610781
9/8/2023,-$0.01,$0.02,-$0.01,$0.02,$0.01,$0.01,$0.02,-$0.03,-$0.00,$0.00,$0.00,$0.05,-$0.00,-$0.00,$0.01,-$0.00,$0.02,$0.01,-$0.02,$0.01,$0.01,$1.19,445.75,0.988726314
10/8/2023,-$0.00,$0.00,$0.00,-$0.01,-$0.00,$0.00,-$0.00,$0.01,-$0.00,$0.01,$0.01,$0.00,-$0.01,-$0.00,-$0.00,-$0.01,-$0.00,-$0.05,$0.01,-$0.00,$0.00,$1.19,445.91,0.988880429
11/8/2023,-$0.00,$0.02,-$0.01,$0.00,$0.00,-$0.01,$0.01,-$0.01,$0.00,-$0.01,-$0.01,$0.04,$0.01,-$0.01,-$0.01,-$0.01,$0.02,$0.03,-$0.02,$0.01,$0.00,$1.20,445.65,0.988629976
14/8/2023,$0.01,$0.04,$0.01,-$0.02,-$0.01,-$0.00,-$0.02,-$0.01,-$0.01,$0.00,$0.01,$0.07,-$0.01,$0.00,-$0.01,-$0.01,-$0.01,$0.00,$0.03,-$0.03,$0.00,$1.20,448.11,0.990996346
15/8/2023,-$0.01,$0.01,$0.01,$0.02,$0.01,$0.03,$0.01,-$0.03,$0.01,$0.00,$0.01,-$0.00,$0.01,-$0.01,$0.01,$0.01,$0.01,$0.02,$0.06,$0.01,$0.01,$1.21,442.89,0.985966211
16/8/2023,-$0.01,$0.04,$0.00,$0.02,$0.01,$0.00,$0.03,-$0.03,$0.00,$0.00,$0.01,$0.01,$0.00,-$0.00,$0.01,-$0.00,$0.02,$0.01,$0.00,$0.01,$0.01,$1.21,439.64,0.982817464
17/8/2023,-$0.01,-$0.03,$0.01,$0.01,-$0.01,$0.01,$0.03,-$0.03,$0.01,-$0.01,$0.01,$0.00,$0.00,$0.02,$0.02,$0.01,$0.03,$0.01,-$0.02,$0.01,$0.00,$1.22,436.29,0.97955802
18/8/2023,$0.00,$0.01,-$0.00,$0.01,$0.02,$0.00,-$0.01,-$0.02,-$0.00,$0.01,-$0.00,$0.00,$0.00,-$0.00,-$0.01,-$0.00,$0.00,-$0.00,$0.01,$0.01,$0.00,$1.22,436.5,0.979762758
21/8/2023,$0.01,$0.03,-$0.02,-$0.01,-$0.01,$0.00,$0.02,$0.07,-$0.01,$0.03,$0.01,-$0.08,-$0.00,$0.01,$0.00,$0.01,$0.01,$0.00,-$0.00,-$0.02,$0.00,$1.22,439.34,0.982526148
22/8/2023,-$0.01,$0.02,-$0.00,$0.00,-$0.01,-$0.02,$0.01,-$0.01,-$0.00,$0.01,-$0.00,$0.03,-$0.01,-$0.00,$0.01,-$0.01,-$0.01,$0.00,-$0.02,$0.00,$0.00,$1.22,438.15,0.981369482
23/8/2023,-$0.02,$0.04,-$0.01,-$0.01,-$0.03,$0.01,$0.02,-$0.02,-$0.01,$0.01,-$0.01,-$0.03,-$0.01,-$0.00,$0.01,$0.00,-$0.03,-$0.00,-$0.01,-$0.02,-$0.01,$1.21,443.03,0.986101556
24/8/2023,$0.03,$0.07,$0.02,$0.03,$0.02,-$0.00,$0.03,$0.03,$0.01,-$0.00,$0.00,-$0.00,$0.01,$0.01,-$0.00,-$0.01,$0.05,$0.04,$0.02,$0.04,$0.02,$1.23,436.89,0.980142839
25/8/2023,-$0.01,$0.00,-$0.01,-$0.01,-$0.00,-$0.00,$0.00,-$0.04,-$0.01,-$0.01,-$0.01,$0.02,-$0.01,-$0.00,$0.00,$0.00,-$0.02,$0.01,-$0.01,-$0.02,-$0.01,$1.23,439.97,0.983137782
28/8/2023,-$0.01,$0.00,-$0.00,$0.00,-$0.01,$0.00,-$0.02,-$0.00,-$0.01,$0.01,-$0.00,-$0.02,-$0.01,-$0.01,$0.00,-$0.01,-$0.00,$0.01,-$0.01,-$0.01,$0.00,$1.22,442.76,0.985840513
29/8/2023,-$0.02,$0.03,-$0.01,-$0.01,-$0.03,-$0.01,-$0.03,-$0.07,-$0.01,$0.00,-$0.00,-$0.04,-$0.01,-$0.01,$0.00,-$0.03,-$0.03,-$0.00,-$0.01,-$0.02,-$0.02,$1.21,449.16,0.992004144
30/8/2023,-$0.02,-$0.01,-$0.00,-$0.00,-$0.01,$0.00,$0.01,$0.00,-$0.00,-$0.00,-$0.00,-$0.01,-$0.01,-$0.00,$0.00,$0.00,-$0.01,$0.00,-$0.01,-$0.01,$0.00,$1.20,451.01,0.99377655
31/8/2023,-$0.00,$0.01,$0.00,-$0.02,-$0.00,$0.01,-$0.00,-$0.00,$0.00,-$0.01,-$0.00,-$0.00,$0.00,$0.00,$0.03,-$0.01,$0.00,$0.01,$0.01,-$0.03,$0.00,$1.20,450.35,0.993144705
1/9/2023,-$0.01,-$0.03,-$0.00,-$0.00,$0.00,-$0.00,-$0.00,$0.05,-$0.01,-$0.01,-$0.00,$0.02,-$0.01,-$0.01,-$0.00,$0.00,-$0.01,$0.02,-$0.02,-$0.01,$0.00,$1.20,451.19,0.993948781
5/9/2023,-$0.00,-$0.01,-$0.01,$0.01,-$0.00,$0.01,-$0.01,-$0.05,$0.01,$0.00,$0.01,-$0.00,$0.01,$0.02,$0.01,$0.02,-$0.02,-$0.01,-$0.00,-$0.00,$0.00,$1.20,449.24,0.992080874
6/9/2023,$0.04,$0.01,$0.00,$0.01,$0.01,-$0.00,$0.00,$0.02,-$0.00,-$0.02,$0.00,$0.03,-$0.00,$0.01,-$0.01,$0.00,$0.01,-$0.00,$0.01,$0.01,$0.01,$1.21,446.22,0.989178938
7/9/2023,$0.03,$0.02,$0.01,-$0.02,-$0.01,$0.01,$0.00,$0.00,-$0.00,$0.01,-$0.01,$0.02,-$0.00,-$0.01,$0.02,$0.01,$0.01,-$0.01,$0.02,$0.00,$0.01,$1.21,444.85,0.987858833
8/9/2023,-$0.00,$0.00,-$0.01,-$0.00,-$0.01,$0.00,$0.00,$0.01,-$0.00,$0.00,$0.00,$0.01,-$0.00,-$0.00,$0.01,$0.01,$0.00,$0.01,$0.01,$0.00,$0.00,$1.21,445.52,0.988504719
11/9/2023,-$0.01,$0.01,-$0.01,-$0.03,-$0.00,-$0.00,-$0.03,-$0.10,$0.00,-$0.01,-$0.01,$0.01,-$0.00,$0.00,$0.00,-$0.01,-$0.01,-$0.01,-$0.02,-$0.01,-$0.01,$1.20,448.45,0.991322826
12/9/2023,$0.02,$0.00,$0.02,$0.01,$0.01,-$0.01,$0.02,$0.02,-$0.00,-$0.01,$0.02,$0.01,$0.00,$0.01,-$0.00,-$0.00,$0.02,-$0.01,-$0.01,$0.04,$0.01,$1.21,445.99,0.988957474
13/9/2023,$0.01,-$0.02,-$0.01,-$0.03,-$0.01,-$0.00,-$0.01,-$0.01,-$0.00,-$0.00,-$0.01,-$0.01,-$0.00,$0.00,$0.00,$0.01,$0.05,$0.00,-$0.00,-$0.02,$0.00,$1.21,446.51,0.989458082
14/9/2023,-$0.01,$0.01,-$0.01,$0.00,-$0.01,-$0.02,-$0.02,-$0.02,$0.03,$0.00,-$0.01,-$0.00,$0.01,-$0.01,-$0.01,-$0.01,$0.03,-$0.01,-$0.03,$0.00,$0.00,$1.20,450.36,0.993154282
15/9/2023,$0.00,$0.05,$0.03,$0.03,$0.01,$0.00,$0.04,$0.01,$0.00,$0.01,$0.01,$0.04,-$0.00,$0.03,-$0.01,$0.01,-$0.01,-$0.01,$0.00,$0.04,$0.01,$1.22,443.37,0.986430148
18/9/2023,-$0.02,$0.01,$0.00,$0.00,-$0.01,-$0.00,-$0.01,$0.03,-$0.01,-$0.01,-$0.00,-$0.00,-$0.01,-$0.01,$0.00,$0.01,-$0.01,$0.01,$0.02,-$0.01,$0.00,$1.21,443.63,0.986681328
19/9/2023,-$0.01,$0.01,$0.00,$0.02,$0.00,$0.00,-$0.01,-$0.00,$0.00,$0.00,$0.00,$0.01,$0.01,-$0.01,$0.01,$0.00,$0.00,$0.04,$0.01,-$0.02,$0.00,$1.22,442.71,0.985792162
20/9/2023,$0.02,-$0.01,$0.02,$0.02,$0.03,$0.00,$0.02,$0.01,$0.01,-$0.00,$0.00,$0.03,$0.01,-$0.01,-$0.02,-$0.01,-$0.03,-$0.01,$0.02,$0.01,$0.01,$1.22,438.64,0.981845971
21/9/2023,$0.01,-$0.04,$0.00,$0.05,$0.03,$0.01,$0.01,$0.03,$0.02,$0.01,$0.01,-$0.03,$0.02,-$0.01,-$0.02,$0.01,-$0.01,-$0.00,$0.04,$0.04,$0.01,$1.23,431.39,0.974764872
22/9/2023,-$0.00,$0.00,$0.01,-$0.00,$0.00,$0.01,-$0.01,$0.04,-$0.01,$0.01,$0.00,$0.01,$0.00,-$0.00,-$0.01,$0.00,-$0.01,$0.02,-$0.01,$0.00,$0.00,$1.24,430.42,0.973812378
25/9/2023,-$0.01,$0.01,$0.00,$0.02,-$0.01,-$0.00,-$0.01,-$0.01,-$0.01,$0.00,-$0.01,$0.01,-$0.00,$0.00,-$0.01,$0.00,$0.01,$0.00,$0.02,$0.00,$0.00,$1.24,432.23,0.975588734
26/9/2023,$0.02,-$0.01,$0.02,$0.04,$0.02,$0.01,$0.01,$0.01,-$0.02,$0.01,-$0.01,$0.01,$0.02,-$0.01,$0.01,$0.01,$0.01,$0.01,-$0.00,$0.01,$0.01,$1.24,425.88,0.969338089
27/9/2023,$0.01,$0.02,$0.00, $-   ,-$0.02,-$0.01,$0.00,$0.01,-$0.00,$0.01,-$0.01,-$0.01,-$0.00,-$0.00,$0.00,$0.02,-$0.00,-$0.00,$0.03,$0.01,$0.00,$1.25,426.05,0.969506114
28/9/2023,$0.00,-$0.05,$0.00, $-   ,-$0.01,-$0.01,-$0.02,-$0.02,$0.01,-$0.00,-$0.01,-$0.01,-$0.01,$0.01,-$0.01,$0.00,-$0.00,$0.00,$0.01,$0.00,-$0.01,$1.24,428.52,0.971943142
29/9/2023,-$0.00,-$0.00,$0.01,$0.01,$0.01,$0.02,$0.01,-$0.02,-$0.01,-$0.01,-$0.00,-$0.01,$0.01,-$0.00,$0.01,-$0.00,-$0.00,-$0.01,$0.00,$0.01,$0.00,$1.24,427.48,0.970917996
2/10/2023,-$0.01,-$0.00,-$0.02,-$0.02,-$0.03,$0.01,-$0.02,-$0.01,$0.01,-$0.00,-$0.00,-$0.03,-$0.00,-$0.01,-$0.02,-$0.02,-$0.01,-$0.01,-$0.00,-$0.02,-$0.01,$1.23,427.31,0.97075029
3/10/2023,$0.01,$0.03,$0.03,$0.04,$0.01,-$0.01,$0.02,$0.02,-$0.01,$0.00,$0.00,$0.03,-$0.01,-$0.03,$0.01,$0.01,$0.01,$0.03,$0.02,$0.03,$0.01,$1.24,421.59,0.96508532
4/10/2023,-$0.01,-$0.04,-$0.02,$0.02,-$0.02,$0.00,-$0.02,-$0.06,$0.01,$0.00,$0.00,-$0.01,$0.01,$0.00,-$0.00,-$0.01,-$0.00,-$0.00,$0.02,-$0.02,-$0.01,$1.24,424.66,0.968131153
5/10/2023,-$0.01,$0.01,-$0.00,$0.01,$0.00,-$0.00,$0.00,$0.00,-$0.01,$0.01,-$0.02,-$0.01,$0.00,-$0.00,-$0.01,$0.01,$0.01,$0.02,$0.02,$0.00,$0.00,$1.24,424.5,0.967972721
6/10/2023,-$0.01,-$0.04,-$0.02,-$0.02,-$0.02,$0.02,-$0.03,-$0.00,-$0.01,-$0.00,$0.00,-$0.02,-$0.01,$0.00,-$0.02,-$0.03,-$0.02,-$0.03,-$0.01,-$0.02,-$0.01,$1.22,429.54,0.972947208
9/10/2023,-$0.01,$0.00,-$0.01,-$0.00,-$0.01,$0.00,-$0.01,$0.00,$0.00,-$0.01,-$0.01,$0.01,$0.01,$0.01,-$0.00,$0.02,-$0.01,-$0.02,-$0.00,-$0.00,$0.00,$1.22,432.29,0.975647546
10/10/2023,$0.00,-$0.02,$0.00,-$0.01,$0.00,-$0.01,-$0.01,-$0.02,-$0.01,$0.00,$0.01,-$0.01,-$0.01,-$0.01,$0.00,$0.01,$0.03,-$0.00,$0.00,-$0.01,$0.00,$1.22,434.54,0.977849694
11/10/2023,-$0.01,$0.01,-$0.01,-$0.02,-$0.02,-$0.00,-$0.02,$0.00,$0.00,$0.01,$0.01,-$0.02,$0.00,$0.00,$0.00,$0.01,$0.02,$0.00,-$0.01,-$0.03,$0.00,$1.22,436.32,0.979587272
12/10/2023,-$0.01,-$0.00,$0.00,-$0.00,$0.01,$0.00,$0.01,$0.02,-$0.00,-$0.00,$0.00,-$0.00,-$0.00,$0.02,-$0.00,$0.02,$0.01,$0.01,$0.03,-$0.02,$0.00,$1.22,433.66,0.976989179
13/10/2023,$0.01,$0.03,$0.01,$0.02,$0.01,-$0.01,$0.03,$0.03,-$0.00,-$0.00,-$0.01,$0.03,$0.00,$0.00,-$0.03,-$0.01,$0.02, $-   ,$0.01,$0.02,$0.01,$1.23,431.5,0.97487281
16/10/2023,$0.00,-$0.01,-$0.01,-$0.02,-$0.01,$0.00,-$0.02,-$0.01,-$0.01,-$0.00,-$0.01,-$0.01,-$0.01,-$0.02,$0.00,$0.02,-$0.01,-$0.02,$0.02,-$0.00,-$0.01,$1.22,436.04,0.979314211
17/10/2023,$0.01,$0.01,$0.00,$0.01,-$0.00,$0.00,-$0.01,-$0.00,-$0.00,$0.01,-$0.00,$0.05,-$0.00,$0.00,$0.00,-$0.01,$0.01,-$0.01,-$0.00,-$0.02,$0.00,$1.23,436.02,0.979294703
18/10/2023,$0.01,$0.03,$0.01,$0.03,$0.01,$0.01,$0.02,$0.05,$0.02,$0.02,-$0.03,$0.04,$0.02,$0.02,$0.00,$0.01,$0.03,$0.02,$0.02,$0.00,$0.02,$1.24,430.21,0.973606008
19/10/2023,$0.00,-$0.00,-$0.00,-$0.00,$0.00,$0.00,$0.01,$0.10,$0.02,-$0.00,$0.01,$0.00,$0.01,$0.01,$0.01,-$0.02,$0.15,$0.02,$0.02,$0.00,$0.02,$1.26,426.43,0.969881561
20/10/2023,$0.01,$0.01,$0.01,$0.03,$0.02,$0.02,$0.01,-$0.04,$0.00,$0.00,$0.00,$0.02,-$0.01,$0.00,$0.01,$0.00,$0.00,$0.01,-$0.03,$0.03,$0.01,$1.26,421.19,0.964687546
23/10/2023,-$0.00,$0.02,-$0.01,-$0.01,-$0.01,-$0.01,-$0.02,$0.00,$0.01,-$0.01,-$0.00,-$0.04,-$0.00,$0.00,$0.01,$0.01,-$0.01,-$0.01,$0.00,$0.00,$0.00,$1.26,420.46,0.963961058
24/10/2023,-$0.00,-$0.02,-$0.00,-$0.02,-$0.02,$0.00,$0.00,$0.02,-$0.01,-$0.00,-$0.01,-$0.02,$0.01,$0.01,-$0.01,-$0.09,-$0.02,$0.01,$0.01,$0.00,-$0.01,$1.25,423.63,0.967110654
